61,89,81,Green
61,89,81,Green
61,89,81,Green
59,92,72,Green
59,92,72,Green
59,92,72,Green
59,92,72,Green
65,86,81,Green
65,86,81,Green
65,86,81,Green
65,86,81,Green
61,88,74,Green
61,88,74,Green
61,88,74,Green
61,88,74,Green
64,83,75,Green
64,83,75,Green
64,83,75,Green
64,83,75,Green
59,88,79,Green
59,88,79,Green
59,88,79,Green
59,88,79,Green
63,89,75,Green
63,89,75,Green
63,89,75,Green
63,89,75,Green
61,89,75,Green
61,89,75,Green
61,89,75,Green
61,89,75,Green
64,85,72,Green
64,85,72,Green
64,85,72,Green
64,85,72,Green
62,88,76,Green
62,88,76,Green
62,88,76,Green
62,88,76,Green
60,88,74,Green
60,88,74,Green
60,88,74,Green
60,88,74,Green
62,90,76,Green
62,90,76,Green
62,90,76,Green
62,90,76,Green
60,85,73,Green
60,85,73,Green
60,85,73,Green
60,85,73,Green
62,88,73,Green
62,88,73,Green
62,88,73,Green
62,88,73,Green
67,90,78,Green
67,90,78,Green
67,90,78,Green
67,90,78,Green
64,88,78,Green
64,88,78,Green
64,88,78,Green
64,88,78,Green
62,89,82,Green
62,89,82,Green
62,89,82,Green
62,89,82,Green
59,86,78,Green
59,86,78,Green
59,86,78,Green
59,86,78,Green
62,92,74,Green
62,92,74,Green
62,92,74,Green
62,92,74,Green
63,88,76,Green
63,88,76,Green
63,88,76,Green
63,88,76,Green
62,87,81,Green
62,87,81,Green
62,87,81,Green
62,87,81,Green
64,87,76,Green
64,87,76,Green
64,87,76,Green
64,87,76,Green
60,90,75,Green
60,90,75,Green
60,90,75,Green
60,90,75,Green
65,88,81,Green
65,88,81,Green
65,88,81,Green
65,88,81,Green
63,89,76,Green
63,89,76,Green
63,89,76,Green
63,89,76,Green
63,86,76,Green
63,86,76,Green
63,86,76,Green
63,86,76,Green
65,89,75,Green
65,89,75,Green
65,89,75,Green
65,89,75,Green
64,85,78,Green
64,85,78,Green
64,85,78,Green
64,85,78,Green
67,87,77,Green
67,87,77,Green
67,87,77,Green
67,87,77,Green
60,88,85,Blue
60,88,85,Blue
60,88,85,Blue
60,88,85,Blue
60,83,78,Green
60,83,78,Green
60,83,78,Green
60,83,78,Green
58,89,79,Green
58,89,79,Green
58,89,79,Green
58,89,79,Green
59,90,74,Green
59,90,74,Green
59,90,74,Green
59,90,74,Green
58,90,80,Green
58,90,80,Green
58,90,80,Green
58,90,80,Green
61,88,79,Green
61,88,79,Green
61,88,79,Green
61,88,79,Green
59,88,78,Green
59,88,78,Green
59,88,78,Green
59,88,78,Green
60,88,75,Green
60,88,75,Green
60,88,75,Green
60,88,75,Green
60,88,75,Green
60,88,75,Green
60,88,75,Green
60,88,75,Green
57,81,68,Green
57,81,68,Green
57,81,68,Green
57,81,68,Green
63,84,79,Green
63,84,79,Green
63,84,79,Green
63,84,79,Green
67,82,78,Green
67,82,78,Green
67,82,78,Green
67,82,78,Green
62,83,74,Green
62,83,74,Green
62,83,74,Green
62,83,74,Green
60,86,73,Green
60,86,73,Green
60,86,73,Green
60,86,73,Green
66,97,81,Green
66,97,81,Green
66,97,81,Green
66,97,81,Green
66,98,84,Green
66,98,84,Green
66,98,84,Green
66,98,84,Green
65,93,81,Green
65,93,81,Green
65,93,81,Green
65,93,81,Green
65,98,81,Green
65,98,81,Green
65,98,81,Green
65,98,81,Green
76,91,80,Green
76,91,80,Green
76,91,80,Green
76,91,80,Green
84,92,84,Green
84,92,84,Green
84,92,84,Green
84,92,84,Green
78,100,82,Green
78,100,82,Green
78,100,82,Green
78,100,82,Green
77,101,92,Green
77,101,92,Green
77,101,92,Green
77,101,92,Green
69,103,89,Green
69,103,89,Green
69,103,89,Green
69,103,89,Green
72,98,74,Green
72,98,74,Green
72,98,74,Green
72,98,74,Green
65,101,85,Green
65,101,85,Green
65,101,85,Green
65,101,85,Green
72,100,87,Green
72,100,87,Green
72,100,87,Green
72,100,87,Green
69,100,81,Green
69,100,81,Green
69,100,81,Green
69,100,81,Green
67,97,86,Green
67,97,86,Green
67,97,86,Green
67,97,86,Green
75,96,77,Green
75,96,77,Green
75,96,77,Green
75,96,77,Green
73,99,81,Green
73,99,81,Green
73,99,81,Green
73,99,81,Green
74,99,89,Green
74,99,89,Green
74,99,89,Green
74,99,89,Green
72,101,93,Green
72,101,93,Green
72,101,93,Green
72,101,93,Green
70,100,88,Green
70,100,88,Green
70,100,88,Green
70,100,88,Green
72,98,85,Green
72,98,85,Green
72,98,85,Green
72,98,85,Green
73,99,87,Green
73,99,87,Green
73,99,87,Green
73,99,87,Green
67,103,88,Green
67,103,88,Green
67,103,88,Green
67,103,88,Green
70,101,88,Green
70,101,88,Green
70,101,88,Green
70,101,88,Green
74,100,86,Green
74,100,86,Green
74,100,86,Green
74,100,86,Green
69,98,81,Green
69,98,81,Green
69,98,81,Green
69,98,81,Green
64,99,83,Green
64,99,83,Green
64,99,83,Green
64,99,83,Green
74,101,93,Green
74,101,93,Green
74,101,93,Green
74,101,93,Green
66,100,83,Green
66,100,83,Green
66,100,83,Green
66,100,83,Green
73,98,88,Green
73,98,88,Green
73,98,88,Green
73,98,88,Green
73,102,83,Green
73,102,83,Green
73,102,83,Green
73,102,83,Green
72,98,83,Green
72,98,83,Green
72,98,83,Green
72,98,83,Green
74,97,93,Blue
74,97,93,Blue
74,97,93,Blue
74,97,93,Blue
77,99,85,Green
77,99,85,Green
77,99,85,Green
77,99,85,Green
72,99,86,Green
72,99,86,Green
72,99,86,Green
72,99,86,Green
71,104,84,Green
71,104,84,Green
71,104,84,Green
71,104,84,Green
67,101,81,Green
67,101,81,Green
67,101,81,Green
67,101,81,Green
72,98,86,Green
72,98,86,Green
72,98,86,Green
72,98,86,Green
66,100,81,Green
66,100,81,Green
66,100,81,Green
66,100,81,Green
70,98,88,Green
70,98,88,Green
70,98,88,Green
70,98,88,Green
71,104,88,Green
71,104,88,Green
71,104,88,Green
71,104,88,Green
73,97,88,Green
73,97,88,Green
73,97,88,Green
73,97,88,Green
74,100,83,Green
74,100,83,Green
74,100,83,Green
74,100,83,Green
70,102,84,Green
70,102,84,Green
70,102,84,Green
70,102,84,Green
74,102,96,Green
74,102,96,Green
74,102,96,Green
74,102,96,Green
73,100,91,Green
73,100,91,Green
73,100,91,Green
73,100,91,Green
79,99,88,Green
79,99,88,Green
79,99,88,Green
79,99,88,Green
71,101,86,Green
71,101,86,Green
71,101,86,Green
71,101,86,Green
71,104,93,Green
71,104,93,Green
71,104,93,Green
71,104,93,Green
72,103,83,Green
72,103,83,Green
72,103,83,Green
72,103,83,Green
74,99,91,Green
74,99,91,Green
74,99,91,Green
74,99,91,Green
75,106,96,Green
75,106,96,Green
75,106,96,Green
75,106,96,Green
68,106,83,Green
68,106,83,Green
68,106,83,Green
68,106,83,Green
66,103,98,Blue
66,103,98,Blue
66,103,98,Blue
66,103,98,Blue
72,102,88,Green
72,102,88,Green
72,102,88,Green
72,102,88,Green
68,101,81,Green
68,101,81,Green
68,101,81,Green
68,101,81,Green
68,100,90,Green
68,100,90,Green
68,100,90,Green
68,100,90,Green
70,100,93,Green
70,100,93,Green
70,100,93,Green
70,100,93,Green
67,101,90,Green
67,101,90,Green
67,101,90,Green
67,101,90,Green
66,99,91,Green
66,99,91,Green
66,99,91,Green
66,99,91,Green
69,98,87,Green
69,98,87,Green
69,98,87,Green
69,98,87,Green
70,103,91,Green
70,103,91,Green
70,103,91,Green
70,103,91,Green
65,103,91,Green
65,103,91,Green
65,103,91,Green
65,103,91,Green
70,103,78,Green
70,103,78,Green
70,103,78,Green
70,103,78,Green
63,99,86,Green
63,99,86,Green
63,99,86,Green
63,99,86,Green
73,100,91,Green
73,100,91,Green
73,100,91,Green
73,100,91,Green
73,99,88,Green
73,99,88,Green
73,99,88,Green
73,99,88,Green
70,100,86,Green
70,100,86,Green
70,100,86,Green
70,100,86,Green
65,101,94,Green
65,101,94,Green
65,101,94,Green
65,101,94,Green
77,100,92,Green
77,100,92,Green
77,100,92,Green
77,100,92,Green
66,102,87,Green
66,102,87,Green
66,102,87,Green
66,102,87,Green
79,99,89,Green
79,99,89,Green
79,99,89,Green
79,99,89,Green
67,100,88,Green
67,100,88,Green
67,100,88,Green
67,100,88,Green
69,100,92,Green
69,100,92,Green
69,100,92,Green
69,100,92,Green
72,100,91,Green
72,100,91,Green
72,100,91,Green
72,100,91,Green
68,102,93,Green
68,102,93,Green
68,102,93,Green
68,102,93,Green
70,99,91,Green
70,99,91,Green
70,99,91,Green
70,99,91,Green
66,102,91,Green
66,102,91,Green
66,102,91,Green
66,102,91,Green
70,102,89,Green
70,102,89,Green
70,102,89,Green
70,102,89,Green
71,99,89,Green
71,99,89,Green
71,99,89,Green
71,99,89,Green
69,105,88,Green
69,105,88,Green
69,105,88,Green
69,105,88,Green
70,104,94,Green
70,104,94,Green
70,104,94,Green
70,104,94,Green
67,101,91,Green
67,101,91,Green
67,101,91,Green
67,101,91,Green
67,100,90,Green
67,100,90,Green
67,100,90,Green
67,100,90,Green
65,103,89,Green
65,103,89,Green
65,103,89,Green
65,103,89,Green
67,103,92,Green
67,103,92,Green
67,103,92,Green
67,103,92,Green
71,100,86,Green
71,100,86,Green
71,100,86,Green
71,100,86,Green
62,101,88,Green
62,101,88,Green
62,101,88,Green
62,101,88,Green
64,101,85,Green
64,101,85,Green
64,101,85,Green
64,101,85,Green
67,102,86,Green
67,102,86,Green
67,102,86,Green
67,102,86,Green
67,101,90,Green
67,101,90,Green
67,101,90,Green
67,101,90,Green
70,99,90,Green
70,99,90,Green
70,99,90,Green
70,99,90,Green
67,103,90,Green
67,103,90,Green
67,103,90,Green
67,103,90,Green
62,101,83,Green
62,101,83,Green
62,101,83,Green
62,101,83,Green
68,100,94,Green
68,100,94,Green
68,100,94,Green
68,100,94,Green
68,98,93,Blue
68,98,93,Blue
68,98,93,Blue
68,98,93,Blue
70,102,93,Green
70,102,93,Green
70,102,93,Green
70,102,93,Green
72,103,94,Green
72,103,94,Green
72,103,94,Green
72,103,94,Green
69,102,88,Green
69,102,88,Green
69,102,88,Green
69,102,88,Green
98,66,79,Purple
98,66,79,Purple
98,66,79,Purple
98,66,79,Purple
97,62,76,Purple
97,62,76,Purple
97,62,76,Purple
97,62,76,Purple
78,82,81,Green
78,82,81,Green
78,82,81,Green
78,82,81,Green
71,99,88,Green
71,99,88,Green
71,99,88,Green
71,99,88,Green
64,98,88,Green
64,98,88,Green
64,98,88,Green
64,98,88,Green
69,103,90,Green
69,103,90,Green
69,103,90,Green
69,103,90,Green
65,102,92,Green
65,102,92,Green
65,102,92,Green
65,102,92,Green
67,99,91,Green
67,99,91,Green
67,99,91,Green
67,99,91,Green
72,100,87,Green
72,100,87,Green
72,100,87,Green
72,100,87,Green
69,100,93,Green
69,100,93,Green
69,100,93,Green
69,100,93,Green
67,101,90,Green
67,101,90,Green
67,101,90,Green
67,101,90,Green
67,101,90,Green
67,101,90,Green
67,101,90,Green
67,101,90,Green
66,96,97,Blue
66,96,97,Blue
66,96,97,Blue
66,96,97,Blue
88,80,83,Purple
88,80,83,Purple
88,80,83,Purple
88,80,83,Purple
107,63,84,Purple
107,63,84,Purple
107,63,84,Purple
107,63,84,Purple
68,101,91,Green
68,101,91,Green
68,101,91,Green
68,101,91,Green
75,93,92,Blue
75,93,92,Blue
75,93,92,Blue
75,93,92,Blue
108,64,80,Purple
108,64,80,Purple
108,64,80,Purple
108,64,80,Purple
103,61,74,Purple
103,61,74,Purple
103,61,74,Purple
103,61,74,Purple
113,60,80,Purple
113,60,80,Purple
113,60,80,Purple
113,60,80,Purple
113,63,85,Purple
113,63,85,Purple
113,63,85,Purple
113,63,85,Purple
105,65,74,Purple
105,65,74,Purple
105,65,74,Purple
105,65,74,Purple
111,64,83,Purple
111,64,83,Purple
111,64,83,Purple
111,64,83,Purple
105,71,83,Purple
105,71,83,Purple
105,71,83,Purple
105,71,83,Purple
98,71,79,Purple
98,71,79,Purple
98,71,79,Purple
98,71,79,Purple
69,103,92,Green
69,103,92,Green
69,103,92,Green
69,103,92,Green
66,103,93,Green
66,103,93,Green
66,103,93,Green
66,103,93,Green
63,99,91,Green
63,99,91,Green
63,99,91,Green
63,99,91,Green
67,99,91,Green
67,99,91,Green
67,99,91,Green
67,99,91,Green
99,97,91,Orange
99,97,91,Orange
99,97,91,Orange
99,97,91,Orange
110,105,104,Red
110,105,104,Red
110,105,104,Red
110,105,104,Red
66,103,91,Green
66,103,91,Green
66,103,91,Green
66,103,91,Green
69,100,92,Green
69,100,92,Green
69,100,92,Green
69,100,92,Green
61,103,90,Green
61,103,90,Green
61,103,90,Green
61,103,90,Green
62,100,91,Green
62,100,91,Green
62,100,91,Green
62,100,91,Green
63,101,91,Green
63,101,91,Green
63,101,91,Green
63,101,91,Green
68,102,80,Green
68,102,80,Green
68,102,80,Green
68,102,80,Green
67,100,87,Green
67,100,87,Green
67,100,87,Green
67,100,87,Green
66,103,86,Green
66,103,86,Green
66,103,86,Green
66,103,86,Green
64,101,89,Green
64,101,89,Green
64,101,89,Green
64,101,89,Green
69,99,86,Green
69,99,86,Green
69,99,86,Green
69,99,86,Green
68,104,88,Green
68,104,88,Green
68,104,88,Green
68,104,88,Green
66,103,83,Green
66,103,83,Green
66,103,83,Green
66,103,83,Green
63,101,88,Green
63,101,88,Green
63,101,88,Green
63,101,88,Green
69,99,89,Green
69,99,89,Green
69,99,89,Green
69,99,89,Green
67,100,87,Green
67,100,87,Green
67,100,87,Green
67,100,87,Green
67,103,89,Green
67,103,89,Green
67,103,89,Green
67,103,89,Green
63,98,91,Green
63,98,91,Green
63,98,91,Green
63,98,91,Green
70,100,93,Green
70,100,93,Green
70,100,93,Green
70,100,93,Green
67,104,94,Green
67,104,94,Green
67,104,94,Green
67,104,94,Green
64,102,88,Green
64,102,88,Green
64,102,88,Green
64,102,88,Green
65,106,88,Green
65,106,88,Green
65,106,88,Green
65,106,88,Green
67,102,89,Green
67,102,89,Green
67,102,89,Green
67,102,89,Green
67,101,88,Green
67,101,88,Green
67,101,88,Green
67,101,88,Green
69,102,90,Green
69,102,90,Green
69,102,90,Green
69,102,90,Green
68,103,96,Green
68,103,96,Green
68,103,96,Green
68,103,96,Green
66,99,91,Green
66,99,91,Green
66,99,91,Green
66,99,91,Green
70,98,94,Blue
70,98,94,Blue
70,98,94,Blue
70,98,94,Blue
66,103,84,Green
66,103,84,Green
66,103,84,Green
66,103,84,Green
70,102,91,Green
70,102,91,Green
70,102,91,Green
70,102,91,Green
64,102,93,Green
64,102,93,Green
68,103,85,Green
68,103,85,Green
68,103,85,Green
71,102,89,Green
71,102,89,Green
71,102,89,Green
71,102,89,Green
64,106,96,Green
64,106,96,Green
70,100,91,Green
70,100,91,Green
70,100,91,Green
65,101,93,Green
65,101,93,Green
65,101,93,Green
65,101,93,Green
64,98,86,Green
64,98,86,Green
68,100,90,Green
68,100,90,Green
68,100,90,Green
63,100,92,Green
63,100,92,Green
63,100,92,Green
63,100,92,Green
68,103,90,Green
68,103,90,Green
64,102,82,Green
64,102,82,Green
64,102,82,Green
68,101,88,Green
68,101,88,Green
68,101,88,Green
68,101,88,Green
73,101,93,Green
73,101,93,Green
73,100,91,Green
73,100,91,Green
73,100,91,Green
70,103,92,Green
70,103,92,Green
70,103,92,Green
70,103,92,Green
71,100,96,Blue
71,100,96,Blue
66,101,91,Green
66,101,91,Green
66,101,91,Green
62,98,87,Green
62,98,87,Green
62,98,87,Green
62,98,87,Green
71,101,91,Green
71,101,91,Green
71,102,92,Green
71,102,92,Green
71,102,92,Green
68,103,92,Green
68,103,92,Green
68,103,92,Green
68,103,92,Green
70,103,95,Green
70,103,95,Green
70,103,95,Green
70,103,95,Green
70,103,95,Green
66,103,88,Green
66,103,88,Green
66,103,88,Green
71,96,85,Green
71,96,85,Green
71,96,85,Green
71,96,85,Green
70,97,92,Green
70,97,92,Green
67,102,86,Green
67,102,86,Green
67,102,86,Green
64,101,90,Green
64,101,90,Green
64,101,90,Green
64,101,90,Green
65,101,89,Green
65,101,89,Green
66,101,91,Green
66,101,91,Green
66,101,91,Green
67,103,92,Green
67,103,92,Green
67,103,92,Green
67,103,92,Green
70,100,93,Green
70,100,93,Green
66,100,92,Green
66,100,92,Green
66,100,92,Green
71,98,92,Green
71,98,92,Green
71,98,92,Green
71,98,92,Green
69,96,81,Green
69,96,81,Green
70,101,91,Green
70,101,91,Green
70,101,91,Green
65,99,87,Green
65,99,87,Green
65,99,87,Green
65,99,87,Green
68,100,86,Green
68,100,86,Green
66,98,97,Blue
66,98,97,Blue
66,98,97,Blue
60,99,86,Green
60,99,86,Green
60,99,86,Green
60,99,86,Green
67,98,92,Green
67,98,92,Green
67,98,92,Green
67,98,92,Green
67,98,92,Green
67,99,83,Green
67,99,83,Green
67,99,83,Green
69,97,93,Blue
69,97,93,Blue
69,97,93,Blue
69,97,93,Blue
63,98,88,Green
63,98,88,Green
64,97,83,Green
64,97,83,Green
64,97,83,Green
70,98,83,Green
70,98,83,Green
70,98,83,Green
70,98,83,Green
68,100,94,Green
68,100,94,Green
65,100,83,Green
65,100,83,Green
65,100,83,Green
66,98,82,Green
66,98,82,Green
66,98,82,Green
66,98,82,Green
66,98,90,Green
66,98,90,Green
68,100,82,Green
68,100,82,Green
68,100,82,Green
65,99,87,Green
65,99,87,Green
65,99,87,Green
65,99,87,Green
66,98,90,Green
66,98,90,Green
65,97,89,Green
65,97,89,Green
65,97,89,Green
67,96,93,Blue
67,96,93,Blue
67,96,93,Blue
67,96,93,Blue
73,99,88,Green
73,99,88,Green
75,96,93,Blue
75,96,93,Blue
75,96,93,Blue
69,98,85,Green
69,98,85,Green
69,98,85,Green
69,98,85,Green
69,97,87,Green
69,97,87,Green
66,99,87,Green
66,99,87,Green
66,99,87,Green
67,101,90,Green
67,101,90,Green
71,99,85,Green
71,99,85,Green
71,99,85,Green
71,99,85,Green
66,97,83,Green
66,97,83,Green
66,97,83,Green
69,97,86,Green
69,97,86,Green
70,98,91,Green
70,98,91,Green
70,98,91,Green
70,98,91,Green
71,96,86,Green
71,96,86,Green
71,96,86,Green
67,97,87,Green
67,97,87,Green
70,100,91,Green
70,100,91,Green
70,100,91,Green
70,100,91,Green
69,102,91,Green
69,102,91,Green
69,102,91,Green
70,103,92,Green
70,103,92,Green
63,102,91,Green
63,102,91,Green
63,102,91,Green
63,102,91,Green
68,101,91,Green
68,101,91,Green
68,101,91,Green
67,99,93,Green
67,99,93,Green
69,101,95,Green
69,101,95,Green
69,101,95,Green
69,101,95,Green
68,101,88,Green
68,101,88,Green
68,101,88,Green
60,102,86,Green
60,102,86,Green
67,100,83,Green
67,100,83,Green
67,100,83,Green
67,100,83,Green
71,101,87,Green
71,101,87,Green
71,101,87,Green
65,96,88,Green
65,96,88,Green
68,102,85,Green
68,102,85,Green
68,102,85,Green
68,102,85,Green
68,102,89,Green
68,102,89,Green
68,102,89,Green
63,101,87,Green
137,120,124,Purple
141,126,129,Purple
141,126,129,Purple
141,126,129,Purple
141,126,129,Purple
138,124,120,Red
138,124,120,Red
138,124,120,Red
137,123,127,Purple
137,123,127,Purple
138,125,127,Purple
138,125,127,Purple
138,125,127,Purple
138,125,127,Purple
136,127,125,Red
136,127,125,Red
136,127,125,Red
135,124,121,Red
135,124,121,Red
137,119,123,Purple
137,119,123,Purple
137,119,123,Purple
137,119,123,Purple
133,121,120,Red
133,121,120,Red
133,121,120,Red
134,117,119,Purple
134,117,119,Purple
129,120,118,Red
129,120,118,Red
129,120,118,Red
129,120,118,Red
132,118,115,Red
132,118,115,Red
132,118,115,Red
130,117,121,Purple
130,117,121,Purple
133,118,122,Purple
133,118,122,Purple
133,118,122,Purple
133,118,122,Purple
129,115,114,Red
129,115,114,Red
129,115,114,Red
128,110,117,Purple
128,110,117,Purple
126,113,106,Orange
126,113,106,Orange
126,113,106,Orange
126,113,106,Orange
125,111,108,Red
125,111,108,Red
125,111,108,Red
126,112,109,Red
126,112,109,Red
128,111,113,Purple
128,111,113,Purple
128,111,113,Purple
128,111,113,Purple
125,112,111,Red
125,112,111,Red
125,112,111,Red
128,108,111,Purple
128,108,111,Purple
126,112,109,Red
126,112,109,Red
126,112,109,Red
126,112,109,Red
124,113,108,Red
124,113,108,Red
124,113,108,Red
125,111,108,Red
125,111,108,Red
121,113,107,Orange
121,113,107,Orange
121,113,107,Orange
121,113,107,Orange
120,111,109,Red
120,111,109,Red
120,111,109,Red
125,111,111,Red
125,111,111,Red
129,117,117,Red
129,117,117,Red
129,117,117,Red
129,117,117,Red
131,119,115,Red
131,119,115,Red
131,119,115,Red
130,118,114,Red
130,118,114,Red
128,123,114,Orange
128,123,114,Orange
128,123,114,Orange
128,123,114,Orange
125,122,114,Orange
125,122,114,Orange
125,122,114,Orange
128,118,117,Red
128,118,117,Red
130,116,117,Purple
130,116,117,Purple
130,116,117,Purple
130,116,117,Purple
122,117,110,Orange
122,117,110,Orange
122,117,110,Orange
120,111,112,Purple
120,111,112,Purple
124,116,113,Red
124,116,113,Red
124,116,113,Red
124,116,113,Red
125,118,112,Orange
125,118,112,Orange
125,118,112,Orange
125,114,112,Red
125,114,112,Red
125,116,117,Purple
125,116,117,Purple
125,116,117,Purple
125,116,117,Purple
122,114,109,Orange
122,114,109,Orange
122,114,109,Orange
122,114,109,Orange
125,112,106,Red
125,112,106,Red
125,112,106,Red
125,112,106,Red
117,113,105,Orange
117,113,105,Orange
117,113,105,Orange
117,113,105,Orange
122,109,104,Red
122,109,104,Red
122,109,104,Red
122,109,104,Red
121,106,106,Red
121,106,106,Red
121,106,106,Red
121,106,106,Red
118,105,102,Red
118,105,102,Red
118,105,102,Red
118,105,102,Red
114,108,104,Orange
114,108,104,Orange
114,108,104,Orange
114,108,104,Orange
121,109,107,Red
121,109,107,Red
121,109,107,Red
121,109,107,Red
121,111,108,Red
82,56,67,Purple
82,56,67,Purple
82,56,67,Purple
84,54,71,Purple
84,54,71,Purple
84,54,71,Purple
84,54,71,Purple
86,54,66,Purple
86,54,66,Purple
86,54,66,Purple
86,54,66,Purple
85,53,66,Purple
85,53,66,Purple
85,53,66,Purple
85,53,66,Purple
85,55,64,Purple
85,55,64,Purple
85,55,64,Purple
85,55,64,Purple
85,54,58,Purple
85,54,58,Purple
85,54,58,Purple
85,54,58,Purple
83,55,64,Purple
83,55,64,Purple
83,55,64,Purple
83,55,64,Purple
86,54,59,Purple
86,54,59,Purple
86,54,59,Purple
86,54,59,Purple
81,54,71,Purple
81,54,71,Purple
81,54,71,Purple
81,54,71,Purple
86,55,65,Purple
86,55,65,Purple
86,55,65,Purple
86,55,65,Purple
84,55,64,Purple
84,55,64,Purple
84,55,64,Purple
84,55,64,Purple
81,55,63,Purple
81,55,63,Purple
81,55,63,Purple
81,55,63,Purple
80,57,58,Purple
80,57,58,Purple
80,57,58,Purple
80,57,58,Purple
84,54,63,Purple
84,54,63,Purple
84,54,63,Purple
84,54,63,Purple
84,54,71,Purple
84,54,71,Purple
84,54,71,Purple
84,54,71,Purple
84,56,64,Purple
84,56,64,Purple
84,56,64,Purple
84,56,64,Purple
86,54,65,Purple
86,54,65,Purple
86,54,65,Purple
86,54,65,Purple
81,56,63,Purple
81,56,63,Purple
81,56,63,Purple
81,56,63,Purple
82,55,59,Purple
82,55,59,Purple
82,55,59,Purple
82,55,59,Purple
81,57,62,Purple
81,57,62,Purple
81,57,62,Purple
81,57,62,Purple
80,55,65,Purple
80,55,65,Purple
80,55,65,Purple
80,55,65,Purple
85,54,69,Purple
85,54,69,Purple
85,54,69,Purple
85,54,69,Purple
87,55,66,Purple
87,55,66,Purple
87,55,66,Purple
87,55,66,Purple
81,55,70,Purple
81,55,70,Purple
81,55,70,Purple
81,55,70,Purple
83,57,67,Purple
83,57,67,Purple
83,57,67,Purple
83,57,67,Purple
90,54,64,Purple
90,54,64,Purple
90,54,64,Purple
90,54,64,Purple
84,55,68,Purple
84,55,68,Purple
84,55,68,Purple
84,55,68,Purple
81,59,65,Purple
81,59,65,Purple
81,59,65,Purple
81,59,65,Purple
77,54,67,Purple
77,54,67,Purple
77,54,67,Purple
77,54,67,Purple
76,57,65,Purple
76,57,65,Purple
76,57,65,Purple
76,57,65,Purple
77,57,67,Purple
77,57,67,Purple
77,57,67,Purple
77,57,67,Purple
76,58,65,Purple
76,58,65,Purple
76,58,65,Purple
76,58,65,Purple
79,55,67,Purple
79,55,67,Purple
79,55,67,Purple
79,55,67,Purple
82,57,70,Purple
82,57,70,Purple
82,57,70,Purple
82,57,70,Purple
82,53,63,Purple
82,53,63,Purple
82,53,63,Purple
82,53,63,Purple
80,56,64,Purple
80,56,64,Purple
80,56,64,Purple
80,56,64,Purple
83,57,69,Purple
83,57,69,Purple
83,57,69,Purple
83,57,69,Purple
79,57,70,Purple
79,57,70,Purple
79,57,70,Purple
79,57,70,Purple
79,53,67,Purple
79,53,67,Purple
79,53,67,Purple
79,53,67,Purple
78,53,62,Purple
66,68,75,Blue
66,68,75,Blue
66,68,75,Blue
60,70,70,Blue
60,70,70,Blue
60,70,70,Blue
60,70,70,Blue
63,68,73,Blue
63,68,73,Blue
63,68,73,Blue
63,68,73,Blue
61,68,68,Blue
61,68,68,Blue
61,68,68,Blue
61,68,68,Blue
67,64,79,Purple
67,64,79,Purple
67,64,79,Purple
67,64,79,Purple
59,68,74,Blue
59,68,74,Blue
59,68,74,Blue
59,68,74,Blue
61,69,71,Blue
61,69,71,Blue
61,69,71,Blue
61,69,71,Blue
64,68,74,Blue
64,68,74,Blue
64,68,74,Blue
64,68,74,Blue
62,70,70,Blue
62,70,70,Blue
62,70,70,Blue
62,70,70,Blue
63,69,69,Blue
63,69,69,Blue
63,69,69,Blue
63,69,69,Blue
64,68,72,Blue
64,68,72,Blue
64,68,72,Blue
64,68,72,Blue
62,66,68,Blue
62,66,68,Blue
62,66,68,Blue
62,66,68,Blue
62,74,71,Green
62,74,71,Green
62,74,71,Green
62,74,71,Green
64,69,73,Blue
64,69,73,Blue
64,69,73,Blue
64,69,73,Blue
57,72,69,Green
57,72,69,Green
57,72,69,Green
57,72,69,Green
65,66,68,Blue
65,66,68,Blue
65,66,68,Blue
65,66,68,Blue
67,67,71,Blue
67,67,71,Blue
67,67,71,Blue
67,67,71,Blue
60,70,72,Blue
60,70,72,Blue
60,70,72,Blue
60,70,72,Blue
57,70,69,Blue
57,70,69,Blue
57,70,69,Blue
57,70,69,Blue
64,71,75,Blue
64,71,75,Blue
64,71,75,Blue
64,71,75,Blue
63,72,72,Blue
63,72,72,Blue
63,72,72,Blue
63,72,72,Blue
66,68,69,Blue
66,68,69,Blue
66,68,69,Blue
66,68,69,Blue
67,70,72,Blue
67,70,72,Blue
67,70,72,Blue
67,70,72,Blue
61,69,76,Blue
61,69,76,Blue
61,69,76,Blue
61,69,76,Blue
61,68,69,Blue
61,68,69,Blue
61,68,69,Blue
61,68,69,Blue
64,68,77,Blue
64,68,77,Blue
64,68,77,Blue
64,68,77,Blue
64,69,69,Blue
64,69,69,Blue
64,69,69,Blue
64,69,69,Blue
61,67,77,Blue
61,67,77,Blue
61,67,77,Blue
61,67,77,Blue
63,67,66,Green
63,67,66,Green
63,67,66,Green
63,67,66,Green
64,67,72,Blue
64,67,72,Blue
64,67,72,Blue
64,67,72,Blue
64,67,70,Blue
52,58,63,Blue
52,58,63,Blue
52,58,63,Blue
54,60,61,Blue
54,60,61,Blue
54,60,61,Blue
54,60,61,Blue
53,60,60,Blue
53,60,60,Blue
53,60,60,Blue
53,60,60,Blue
52,59,64,Blue
52,59,64,Blue
52,59,64,Blue
52,59,64,Blue
56,56,60,Blue
56,56,60,Blue
56,56,60,Blue
56,56,60,Blue
54,58,64,Blue
54,58,64,Blue
54,58,64,Blue
54,58,64,Blue
52,59,63,Blue
52,59,63,Blue
52,59,63,Blue
52,59,63,Blue
54,58,64,Blue
54,58,64,Blue
54,58,64,Blue
54,58,64,Blue
55,58,63,Blue
55,58,63,Blue
55,58,63,Blue
55,58,63,Blue
52,60,66,Blue
52,60,66,Blue
52,60,66,Blue
52,60,66,Blue
53,60,63,Blue
53,60,63,Blue
53,60,63,Blue
53,60,63,Blue
54,58,62,Blue
54,58,62,Blue
54,58,62,Blue
54,58,62,Blue
55,58,63,Blue
55,58,63,Blue
55,58,63,Blue
55,58,63,Blue
56,58,63,Blue
56,58,63,Blue
56,58,63,Blue
56,58,63,Blue
54,58,60,Blue
54,58,60,Blue
54,58,60,Blue
54,58,60,Blue
56,57,64,Blue
56,57,64,Blue
56,57,64,Blue
56,57,64,Blue
55,58,64,Blue
55,58,64,Blue
55,58,64,Blue
55,58,64,Blue
53,57,63,Blue
53,57,63,Blue
53,57,63,Blue
53,57,63,Blue
54,60,60,Blue
54,60,60,Blue
54,60,60,Blue
54,60,60,Blue
53,58,60,Blue
53,58,60,Blue
53,58,60,Blue
53,58,60,Blue
52,55,62,Blue
52,55,62,Blue
52,55,62,Blue
52,55,62,Blue
53,57,60,Blue
53,57,60,Blue
53,57,60,Blue
53,57,60,Blue
53,56,56,Blue
53,56,56,Blue
53,56,56,Blue
53,56,56,Blue
53,57,63,Blue
53,57,63,Blue
53,57,63,Blue
53,57,63,Blue
55,56,63,Blue
55,56,63,Blue
55,56,63,Blue
55,56,63,Blue
54,56,60,Blue
54,56,60,Blue
54,56,60,Blue
54,56,60,Blue
53,55,59,Blue
53,55,59,Blue
53,55,59,Blue
53,55,59,Blue
53,55,60,Blue
53,55,60,Blue
53,55,60,Blue
53,55,60,Blue
53,52,56,Purple
53,52,56,Purple
53,52,56,Purple
53,52,56,Purple
53,53,56,Blue
53,53,56,Blue
54,53,59,Purple
54,53,59,Purple
53,56,60,Blue
53,56,60,Blue
53,56,60,Blue
53,56,60,Blue
54,56,55,Green
54,56,55,Green
54,56,55,Green
54,56,55,Green
53,54,56,Blue
53,54,56,Blue
53,54,56,Blue
53,54,56,Blue
54,54,59,Blue
54,54,59,Blue
54,54,59,Blue
54,54,59,Blue
52,55,56,Blue
52,55,56,Blue
52,55,56,Blue
52,55,56,Blue
54,56,56,Blue
54,56,56,Blue
54,56,56,Blue
54,56,56,Blue
53,55,57,Blue
53,55,57,Blue
53,55,57,Blue
53,55,57,Blue
53,53,54,Blue
53,53,54,Blue
53,53,54,Blue
53,53,54,Blue
52,55,57,Blue
52,55,57,Blue
52,55,57,Blue
52,55,57,Blue
54,53,58,Purple
54,53,58,Purple
54,53,58,Purple
54,53,58,Purple
54,53,57,Purple
54,53,57,Purple
54,53,57,Purple
54,53,57,Purple
55,55,55,Red
55,55,55,Red
55,55,55,Red
55,55,55,Red
54,53,57,Purple
54,53,57,Purple
54,53,57,Purple
54,53,57,Purple
53,56,56,Blue
53,56,56,Blue
53,56,56,Blue
53,56,56,Blue
54,53,57,Purple
54,53,57,Purple
54,53,57,Purple
54,53,57,Purple
54,54,58,Blue
54,54,58,Blue
54,54,58,Blue
54,54,58,Blue
53,54,54,Blue
53,54,54,Blue
53,54,54,Blue
53,54,54,Blue
52,56,56,Blue
52,56,56,Blue
52,56,56,Blue
52,56,56,Blue
53,55,55,Blue
53,55,55,Blue
53,55,55,Blue
53,55,55,Blue
54,55,57,Blue
54,55,57,Blue
54,55,57,Blue
54,55,57,Blue
54,57,62,Blue
54,57,62,Blue
54,57,62,Blue
54,57,62,Blue
81,88,77,Green
81,88,77,Green
81,88,77,Green
81,88,77,Green
97,92,86,Orange
