54,68,63,Green
54,68,63,Green
55,66,59,Green
55,66,59,Green
55,65,64,Blue
55,65,64,Blue
55,65,64,Blue
54,64,64,Blue
54,64,64,Blue
54,64,64,Blue
54,64,64,Blue
53,64,62,Blue
53,64,62,Blue
57,66,65,Blue
57,66,65,Blue
57,66,65,Blue
56,66,67,Blue
56,66,67,Blue
56,66,67,Blue
56,66,67,Blue
53,66,64,Blue
53,66,64,Blue
54,65,65,Blue
54,65,65,Blue
54,65,65,Blue
55,68,60,Green
55,68,60,Green
55,68,60,Green
55,68,60,Green
55,66,63,Green
55,66,63,Green
55,65,65,Blue
55,65,65,Blue
55,65,65,Blue
55,65,65,Blue
55,65,65,Blue
55,65,65,Blue
55,65,65,Blue
54,64,58,Green
54,64,58,Green
54,65,67,Blue
54,65,67,Blue
54,65,67,Blue
54,68,57,Green
54,68,57,Green
54,68,57,Green
54,68,57,Green
55,66,65,Blue
55,66,65,Blue
56,67,59,Green
56,67,59,Green
56,67,59,Green
53,64,59,Green
53,64,59,Green
53,64,59,Green
53,64,59,Green
56,67,59,Green
56,67,59,Green
55,65,64,Blue
55,65,64,Blue
55,65,64,Blue
53,68,62,Green
53,68,62,Green
53,68,62,Green
53,68,62,Green
57,64,66,Blue
57,64,66,Blue
54,67,63,Green
54,67,63,Green
54,67,63,Green
54,67,67,Blue
54,67,67,Blue
54,67,67,Blue
54,67,67,Blue
54,68,58,Green
54,68,58,Green
54,68,59,Green
54,68,59,Green
54,68,59,Green
55,67,62,Green
55,67,62,Green
55,67,62,Green
55,67,62,Green
53,65,58,Green
53,65,58,Green
55,69,62,Green
55,69,62,Green
55,69,62,Green
54,65,58,Green
54,65,58,Green
54,66,59,Green
54,66,59,Green
54,66,59,Green
54,66,59,Green
54,65,62,Green
54,65,62,Green
54,65,62,Green
54,64,62,Green
54,64,62,Green
54,66,62,Green
54,66,62,Green
54,66,62,Green
54,66,62,Green
55,65,60,Green
55,65,60,Green
55,65,60,Green
54,64,60,Green
54,64,60,Green
55,64,66,Blue
55,64,66,Blue
55,64,66,Blue
55,64,66,Blue
54,65,67,Blue
54,65,67,Blue
54,65,67,Blue
56,66,65,Blue
56,66,65,Blue
54,66,62,Green
54,66,62,Green
54,66,62,Green
54,66,62,Green
55,65,62,Green
55,65,62,Green
55,65,62,Green
55,67,57,Green
55,67,57,Green
54,64,63,Blue
54,64,63,Blue
54,64,63,Blue
54,64,63,Blue
55,66,61,Green
55,66,61,Green
55,66,61,Green
54,65,56,Green
54,65,56,Green
54,63,62,Blue
54,63,62,Blue
54,63,62,Blue
54,63,62,Blue
56,65,62,Green
56,65,62,Green
56,65,62,Green
55,66,59,Green
55,66,59,Green
54,68,57,Green
54,68,57,Green
54,68,57,Green
54,68,57,Green
54,66,62,Green
54,66,62,Green
54,66,62,Green
54,66,57,Green
54,66,57,Green
52,65,60,Green
52,65,60,Green
52,65,60,Green
52,65,60,Green
55,66,60,Green
55,66,60,Green
55,66,60,Green
54,65,58,Green
54,65,58,Green
56,63,63,Blue
56,63,63,Blue
56,63,63,Blue
56,63,63,Blue
55,65,63,Green
55,65,63,Green
55,65,63,Green
54,64,58,Green
54,64,58,Green
56,66,65,Blue
56,66,65,Blue
56,66,65,Blue
56,66,65,Blue
54,66,62,Green
54,66,62,Green
54,66,62,Green
54,62,65,Blue
54,62,65,Blue
53,66,65,Blue
53,66,65,Blue
53,66,65,Blue
53,66,65,Blue
53,63,60,Green
53,63,60,Green
53,63,60,Green
55,63,60,Green
55,63,60,Green
54,66,58,Green
54,66,58,Green
54,66,58,Green
54,66,58,Green
55,63,58,Green
55,63,58,Green
55,63,58,Green
53,63,63,Blue
53,63,63,Blue
55,65,62,Green
55,65,62,Green
55,65,62,Green
55,65,62,Green
57,63,68,Blue
57,63,68,Blue
57,63,68,Blue
54,63,59,Green
54,63,59,Green
56,66,66,Blue
56,66,66,Blue
56,66,66,Blue
56,66,66,Blue
53,63,66,Blue
53,63,66,Blue
53,63,66,Blue
54,65,59,Green
54,65,59,Green
55,62,59,Green
55,62,59,Green
55,62,59,Green
55,62,59,Green
54,66,62,Green
54,66,62,Green
54,66,62,Green
54,64,61,Green
54,64,61,Green
53,69,63,Green
53,69,63,Green
53,69,63,Green
53,69,63,Green
53,64,60,Green
53,64,60,Green
53,64,60,Green
56,67,60,Green
56,67,60,Green
55,65,62,Green
55,65,62,Green
55,65,62,Green
55,65,62,Green
55,66,67,Blue
55,66,67,Blue
55,66,67,Blue
55,65,62,Green
55,65,62,Green
54,65,67,Blue
54,65,67,Blue
54,65,67,Blue
54,65,67,Blue
54,68,60,Green
54,68,60,Green
54,68,60,Green
54,66,62,Green
54,66,62,Green
54,69,59,Green
54,69,59,Green
54,69,59,Green
54,69,59,Green
56,68,59,Green
56,68,59,Green
56,68,59,Green
54,65,59,Green
54,65,59,Green
54,64,56,Green
54,64,56,Green
54,64,56,Green
54,64,56,Green
56,64,60,Green
56,64,60,Green
56,64,60,Green
56,64,60,Green
53,60,58,Green
53,60,58,Green
53,60,58,Green
53,60,58,Green
54,67,65,Blue
54,67,65,Blue
54,67,65,Blue
54,67,65,Blue
54,66,65,Blue
54,66,65,Blue
54,66,65,Blue
54,66,65,Blue
54,64,60,Green
54,64,60,Green
54,64,60,Green
54,64,60,Green
54,63,66,Blue
54,63,66,Blue
54,63,66,Blue
54,63,66,Blue
52,64,61,Green
52,64,61,Green
52,64,61,Green
52,64,61,Green
54,64,63,Blue
54,64,63,Blue
54,64,63,Blue
54,64,63,Blue
55,65,63,Green
55,65,63,Green
55,65,63,Green
55,65,63,Green
53,62,59,Green
53,62,59,Green
53,62,59,Green
53,62,59,Green
53,66,56,Green
53,66,56,Green
53,66,56,Green
53,66,56,Green
55,65,59,Green
55,65,59,Green
55,65,59,Green
55,65,59,Green
53,64,54,Green
53,64,54,Green
53,64,54,Green
53,64,54,Green
55,64,61,Green
55,64,61,Green
55,64,61,Green
55,64,61,Green
54,60,63,Blue
54,60,63,Blue
54,60,63,Blue
54,60,63,Blue
55,65,56,Green
55,65,56,Green
55,65,56,Green
55,65,56,Green
55,64,57,Green
55,64,57,Green
55,64,57,Green
55,64,57,Green
53,66,62,Green
53,66,62,Green
53,66,62,Green
53,66,62,Green
56,65,62,Green
56,65,62,Green
56,65,62,Green
56,65,62,Green
54,64,64,Blue
54,64,64,Blue
54,64,64,Blue
54,64,64,Blue
54,64,60,Green
54,64,60,Green
54,64,60,Green
54,64,60,Green
54,63,55,Green
54,63,55,Green
54,63,55,Green
54,63,55,Green
55,65,66,Blue
55,65,66,Blue
55,65,66,Blue
55,65,66,Blue
54,66,65,Blue
54,66,65,Blue
54,66,65,Blue
54,66,65,Blue
58,67,56,Green
58,67,56,Green
58,67,56,Green
58,67,56,Green
55,65,62,Green
55,65,62,Green
55,65,62,Green
55,65,62,Green
54,64,56,Green
54,64,56,Green
54,64,56,Green
54,64,56,Green
53,64,66,Blue
53,64,66,Blue
53,64,66,Blue
53,64,66,Blue
54,67,62,Green
54,67,62,Green
54,67,62,Green
54,67,62,Green
54,66,55,Green
54,66,55,Green
54,66,55,Green
54,66,55,Green
53,66,63,Green
53,66,63,Green
53,66,63,Green
53,66,63,Green
56,65,65,Blue
56,65,65,Blue
56,65,65,Blue
56,65,65,Blue
53,65,61,Green
53,65,61,Green
53,65,61,Green
53,65,61,Green
53,66,55,Green
53,66,55,Green
53,66,55,Green
53,66,55,Green
54,67,63,Green
54,67,63,Green
54,67,63,Green
54,67,63,Green
53,66,62,Green
53,66,62,Green
53,66,62,Green
53,66,62,Green
55,62,62,Blue
55,62,62,Blue
55,62,62,Blue
55,62,62,Blue
55,66,59,Green
55,66,59,Green
55,66,59,Green
55,66,59,Green
53,67,58,Green
53,67,58,Green
53,67,58,Green
53,67,58,Green
53,65,60,Green
53,65,60,Green
53,65,60,Green
53,65,60,Green
53,66,61,Green
53,66,61,Green
53,66,61,Green
53,66,61,Green
57,66,57,Green
57,66,57,Green
57,66,57,Green
57,66,57,Green
55,67,60,Green
55,67,60,Green
55,67,60,Green
55,67,60,Green
53,65,70,Blue
53,65,70,Blue
53,65,70,Blue
53,65,70,Blue
54,67,65,Blue
54,67,65,Blue
54,67,65,Blue
54,67,65,Blue
54,68,63,Green
54,68,63,Green
54,68,63,Green
54,68,63,Green
53,67,62,Green
53,67,62,Green
53,67,62,Green
53,67,62,Green
54,69,65,Green
54,69,65,Green
54,69,65,Green
54,69,65,Green
53,65,66,Blue
53,65,66,Blue
53,65,66,Blue
53,65,66,Blue
55,70,68,Blue
55,70,68,Blue
55,70,68,Blue
55,70,68,Blue
59,67,66,Blue
59,67,66,Blue
59,67,66,Blue
59,67,66,Blue
53,71,69,Blue
53,71,69,Blue
53,71,69,Blue
53,71,69,Blue
53,71,63,Green
53,71,63,Green
53,71,63,Green
53,71,63,Green
55,70,67,Green
55,70,67,Green
55,70,67,Green
55,70,67,Green
56,72,67,Green
56,72,67,Green
56,72,67,Green
56,72,67,Green
55,72,68,Green
55,72,68,Green
55,72,68,Green
55,72,68,Green
55,74,69,Green
55,74,69,Green
55,74,69,Green
55,74,69,Green
57,73,70,Green
57,73,70,Green
57,73,70,Green
57,73,70,Green
57,74,73,Blue
57,74,73,Blue
57,74,73,Blue
57,74,73,Blue
54,74,67,Green
54,74,67,Green
54,74,67,Green
54,74,67,Green
55,70,74,Blue
55,70,74,Blue
55,70,74,Blue
55,70,74,Blue
55,73,70,Blue
55,73,70,Blue
55,73,70,Blue
55,73,70,Blue
55,72,64,Green
55,72,64,Green
55,72,64,Green
55,72,64,Green
55,71,69,Blue
55,71,69,Blue
55,71,69,Blue
55,71,69,Blue
58,72,67,Green
58,72,67,Green
58,72,67,Green
58,72,67,Green
53,74,66,Green
53,74,66,Green
53,74,66,Green
53,74,66,Green
52,71,66,Green
52,71,66,Green
52,71,66,Green
52,71,66,Green
53,75,61,Green
53,75,61,Green
53,75,61,Green
53,75,61,Green
54,75,60,Green
54,75,60,Green
54,75,60,Green
54,75,60,Green
53,74,61,Green
53,74,61,Green
53,74,61,Green
53,74,61,Green
54,70,70,Blue
54,70,70,Blue
54,70,70,Blue
54,70,70,Blue
54,72,71,Blue
54,72,71,Blue
54,72,71,Blue
54,72,71,Blue
53,72,67,Green
53,72,67,Green
53,72,67,Green
53,72,67,Green
52,74,62,Green
52,74,62,Green
52,74,62,Green
52,74,62,Green
55,72,68,Green
55,72,68,Green
55,72,68,Green
55,72,68,Green
55,73,66,Green
55,73,66,Green
55,73,66,Green
55,73,66,Green
55,74,69,Green
55,74,69,Green
55,74,69,Green
55,74,69,Green
56,74,69,Green
56,74,69,Green
56,74,69,Green
56,74,69,Green
56,72,75,Blue
56,72,75,Blue
56,72,75,Blue
56,72,75,Blue
56,74,67,Green
56,74,67,Green
56,74,67,Green
56,74,67,Green
52,75,67,Green
52,75,67,Green
52,75,67,Green
52,75,67,Green
57,76,71,Green
57,76,71,Green
57,76,71,Green
57,76,71,Green
55,70,69,Blue
55,70,69,Blue
55,70,69,Blue
55,70,69,Blue
56,72,65,Green
56,72,65,Green
56,72,65,Green
56,72,65,Green
52,72,64,Green
52,72,64,Green
52,72,64,Green
52,72,64,Green
54,73,64,Green
54,73,64,Green
54,73,64,Green
54,73,64,Green
55,74,67,Green
55,74,67,Green
55,74,67,Green
55,74,67,Green
57,70,66,Green
57,70,66,Green
57,70,66,Green
57,70,66,Green
56,72,65,Green
56,72,65,Green
56,72,65,Green
56,72,65,Green
55,71,60,Green
55,71,60,Green
55,71,60,Green
55,71,60,Green
56,70,69,Blue
56,70,69,Blue
56,70,69,Blue
56,70,69,Blue
53,70,64,Green
53,70,64,Green
53,70,64,Green
53,70,64,Green
55,70,62,Green
55,70,62,Green
55,70,62,Green
55,70,62,Green
55,70,67,Green
55,70,67,Green
55,70,67,Green
55,70,67,Green
55,71,67,Green
55,71,67,Green
55,71,67,Green
55,71,67,Green
55,72,65,Green
55,72,65,Green
55,72,65,Green
55,72,65,Green
54,72,64,Green
54,72,64,Green
54,72,64,Green
54,72,64,Green
56,70,69,Blue
56,70,69,Blue
56,70,69,Blue
56,70,69,Blue
54,74,62,Green
54,74,62,Green
54,74,62,Green
54,74,62,Green
54,71,63,Green
54,71,63,Green
54,71,63,Green
54,71,63,Green
53,72,67,Green
53,72,67,Green
53,72,67,Green
53,72,67,Green
55,72,64,Green
55,72,64,Green
55,72,64,Green
55,72,64,Green
55,69,66,Green
55,69,66,Green
55,69,66,Green
55,69,66,Green
54,73,68,Green
54,73,68,Green
54,73,68,Green
54,73,68,Green
55,72,69,Blue
55,72,69,Blue
55,72,69,Blue
55,72,69,Blue
56,73,67,Green
56,73,67,Green
56,73,67,Green
56,73,67,Green
54,76,66,Green
54,76,66,Green
54,76,66,Green
54,76,66,Green
54,71,68,Blue
54,71,68,Blue
54,71,68,Blue
54,71,68,Blue
56,73,67,Green
56,73,67,Green
56,73,67,Green
56,73,67,Green
54,71,66,Green
54,71,66,Green
54,71,66,Green
54,71,66,Green
55,73,60,Green
55,73,60,Green
55,73,60,Green
55,73,60,Green
55,68,70,Blue
55,68,70,Blue
55,68,70,Blue
55,68,70,Blue
52,71,66,Green
52,71,66,Green
52,71,66,Green
52,71,66,Green
54,70,69,Blue
54,70,69,Blue
54,70,69,Blue
54,70,69,Blue
57,73,65,Green
57,73,65,Green
57,73,65,Green
57,73,65,Green
56,68,73,Blue
56,68,73,Blue
56,68,73,Blue
56,68,73,Blue
56,75,68,Green
56,75,68,Green
56,75,68,Green
56,75,68,Green
55,70,70,Blue
55,70,70,Blue
55,70,70,Blue
55,70,70,Blue
55,76,69,Green
55,76,69,Green
55,76,69,Green
55,76,69,Green
53,71,68,Blue
53,71,68,Blue
53,71,68,Blue
53,71,68,Blue
56,74,70,Green
56,74,70,Green
56,74,70,Green
56,74,70,Green
55,73,64,Green
55,73,64,Green
55,73,64,Green
55,73,64,Green
54,74,64,Green
54,74,64,Green
54,74,64,Green
54,74,64,Green
52,71,71,Blue
52,71,71,Blue
52,71,71,Blue
52,71,71,Blue
53,72,65,Green
53,72,65,Green
53,72,65,Green
53,72,65,Green
53,72,69,Blue
53,72,69,Blue
53,72,69,Blue
53,72,69,Blue
53,72,69,Blue
53,72,69,Blue
53,72,69,Blue
53,72,69,Blue
55,71,70,Blue
55,71,70,Blue
55,71,70,Blue
55,71,70,Blue
56,75,71,Green
56,75,71,Green
56,75,71,Green
56,75,71,Green
54,70,66,Green
54,70,66,Green
54,70,66,Green
54,70,66,Green
55,71,68,Green
55,71,68,Green
55,71,68,Green
55,71,68,Green
56,77,71,Green
56,77,71,Green
56,77,71,Green
56,77,71,Green
54,74,65,Green
54,74,65,Green
54,74,65,Green
54,74,65,Green
53,73,70,Blue
53,73,70,Blue
53,73,70,Blue
53,73,70,Blue
54,73,70,Blue
54,73,70,Blue
54,73,70,Blue
54,73,70,Blue
55,71,71,Blue
55,71,71,Blue
55,71,71,Blue
55,71,71,Blue
57,77,67,Green
57,77,67,Green
57,77,67,Green
57,77,67,Green
54,75,67,Green
54,75,67,Green
54,75,67,Green
54,75,67,Green
53,75,72,Blue
53,75,72,Blue
53,75,72,Blue
53,75,72,Blue
55,77,78,Blue
55,77,78,Blue
55,77,78,Blue
55,77,78,Blue
56,73,73,Blue
56,73,73,Blue
56,73,73,Blue
56,73,73,Blue
53,75,75,Blue
53,75,75,Blue
53,75,75,Blue
53,75,75,Blue
55,75,67,Green
67,56,59,Purple
67,56,59,Purple
67,56,59,Purple
70,58,59,Purple
70,58,59,Purple
70,58,59,Purple
70,58,59,Purple
65,56,59,Purple
65,56,59,Purple
65,56,59,Purple
65,56,59,Purple
71,58,60,Purple
71,58,60,Purple
71,58,60,Purple
71,58,60,Purple
71,55,61,Purple
71,55,61,Purple
71,55,61,Purple
71,55,61,Purple
69,58,62,Purple
69,58,62,Purple
69,58,62,Purple
69,58,62,Purple
65,58,65,Purple
65,58,65,Purple
65,58,65,Purple
65,58,65,Purple
69,58,62,Purple
69,58,62,Purple
69,58,62,Purple
69,58,62,Purple
69,58,62,Purple
69,58,62,Purple
69,58,62,Purple
69,58,62,Purple
66,60,60,Red
66,60,60,Red
66,60,60,Red
66,60,60,Red
72,54,60,Purple
72,54,60,Purple
72,54,60,Purple
72,54,60,Purple
64,60,63,Purple
64,60,63,Purple
64,60,63,Purple
64,60,63,Purple
68,60,61,Purple
68,60,61,Purple
68,60,61,Purple
68,60,61,Purple
71,58,58,Red
71,58,58,Red
71,58,58,Red
71,58,58,Red
66,58,68,Purple
66,58,68,Purple
66,58,68,Purple
66,58,68,Purple
66,59,59,Red
66,59,59,Red
66,59,59,Red
66,59,59,Red
68,57,59,Purple
68,57,59,Purple
68,57,59,Purple
68,57,59,Purple
65,61,64,Purple
65,61,64,Purple
65,61,64,Purple
65,61,64,Purple
66,60,63,Purple
66,60,63,Purple
66,60,63,Purple
66,60,63,Purple
66,56,64,Purple
66,56,64,Purple
66,56,64,Purple
66,56,64,Purple
66,58,61,Purple
66,58,61,Purple
66,58,61,Purple
66,58,61,Purple
66,57,64,Purple
66,57,64,Purple
66,57,64,Purple
66,57,64,Purple
66,58,60,Purple
66,58,60,Purple
66,58,60,Purple
66,58,60,Purple
68,55,59,Purple
68,55,59,Purple
68,55,59,Purple
68,55,59,Purple
67,55,63,Purple
67,55,63,Purple
67,55,63,Purple
67,55,63,Purple
70,61,62,Purple
70,61,62,Purple
70,61,62,Purple
70,61,62,Purple
66,55,59,Purple
66,55,59,Purple
66,55,59,Purple
66,55,59,Purple
71,56,61,Purple
71,56,61,Purple
71,56,61,Purple
71,56,61,Purple
70,59,63,Purple
70,59,63,Purple
70,59,63,Purple
70,59,63,Purple
67,60,65,Purple
67,60,65,Purple
67,60,65,Purple
67,60,65,Purple
66,59,66,Purple
66,59,66,Purple
66,59,66,Purple
66,59,66,Purple
67,60,66,Purple
67,60,66,Purple
67,60,66,Purple
67,60,66,Purple
72,55,69,Purple
72,55,69,Purple
72,55,69,Purple
72,55,69,Purple
65,56,63,Purple
65,56,63,Purple
65,56,63,Purple
65,56,63,Purple
67,58,70,Purple
67,58,70,Purple
67,58,70,Purple
67,58,70,Purple
69,55,65,Purple
69,55,65,Purple
69,55,65,Purple
69,55,65,Purple
64,58,60,Purple
64,58,60,Purple
64,58,60,Purple
64,58,60,Purple
66,61,65,Purple
66,61,65,Purple
66,61,65,Purple
66,61,65,Purple
71,57,66,Purple
71,57,66,Purple
71,57,66,Purple
71,57,66,Purple
69,57,56,Red
69,57,56,Red
69,57,56,Red
69,57,56,Red
69,58,62,Purple
69,58,62,Purple
69,58,62,Purple
69,58,62,Purple
69,56,58,Purple
69,56,58,Purple
69,56,58,Purple
69,56,58,Purple
67,55,63,Purple
67,55,63,Purple
67,55,63,Purple
67,55,63,Purple
70,57,61,Purple
70,57,61,Purple
70,57,61,Purple
70,57,61,Purple
65,59,61,Purple
65,59,61,Purple
65,59,61,Purple
65,59,61,Purple
70,56,67,Purple
70,56,67,Purple
70,56,67,Purple
70,56,67,Purple
66,58,67,Purple
66,58,67,Purple
66,58,67,Purple
66,58,67,Purple
69,59,65,Purple
69,59,65,Purple
69,59,65,Purple
69,59,65,Purple
66,60,57,Orange
66,60,57,Orange
66,60,57,Orange
66,60,57,Orange
67,58,59,Purple
67,58,59,Purple
67,58,59,Purple
67,58,59,Purple
67,61,65,Purple
67,61,65,Purple
67,61,65,Purple
67,61,65,Purple
71,60,60,Red
71,60,60,Red
71,60,60,Red
71,60,60,Red
69,59,65,Purple
69,59,65,Purple
69,59,65,Purple
69,59,65,Purple
69,57,63,Purple
69,57,63,Purple
69,57,63,Purple
69,57,63,Purple
65,58,64,Purple
65,58,64,Purple
65,58,64,Purple
65,58,64,Purple
72,56,65,Purple
72,56,65,Purple
72,56,65,Purple
72,56,65,Purple
70,58,65,Purple
56,62,63,Blue
56,62,63,Blue
56,62,63,Blue
57,63,64,Blue
57,63,64,Blue
57,63,64,Blue
57,63,64,Blue
57,62,63,Blue
57,62,63,Blue
57,62,63,Blue
57,62,63,Blue
55,66,59,Green
55,66,59,Green
55,66,59,Green
55,66,59,Green
56,65,62,Green
56,65,62,Green
56,65,62,Green
56,65,62,Green
57,64,63,Blue
57,64,63,Blue
57,64,63,Blue
57,64,63,Blue
55,64,60,Green
55,64,60,Green
55,64,60,Green
55,64,60,Green
54,61,67,Blue
54,61,67,Blue
54,61,67,Blue
54,61,67,Blue
53,61,62,Blue
53,61,62,Blue
53,61,62,Blue
53,61,62,Blue
53,65,54,Green
53,65,54,Green
53,65,54,Green
53,65,54,Green
57,60,65,Blue
57,60,65,Blue
57,60,65,Blue
57,60,65,Blue
55,64,62,Green
55,64,62,Green
55,64,62,Green
55,64,62,Green
57,64,71,Blue
57,64,71,Blue
57,64,71,Blue
57,64,71,Blue
58,62,64,Blue
58,62,64,Blue
58,62,64,Blue
58,62,64,Blue
53,64,58,Green
53,64,58,Green
53,64,58,Green
53,64,58,Green
52,63,58,Green
52,63,58,Green
52,63,58,Green
52,63,58,Green
54,63,62,Blue
54,63,62,Blue
54,63,62,Blue
54,63,62,Blue
57,62,63,Blue
57,62,63,Blue
57,62,63,Blue
57,62,63,Blue
54,66,64,Blue
54,66,64,Blue
54,66,64,Blue
54,66,64,Blue
57,62,68,Blue
57,62,68,Blue
57,62,68,Blue
57,62,68,Blue
57,63,60,Green
57,63,60,Green
57,63,60,Green
57,63,60,Green
55,63,63,Blue
55,63,63,Blue
55,63,63,Blue
55,63,63,Blue
54,61,63,Blue
54,61,63,Blue
54,61,63,Blue
54,61,63,Blue
56,62,62,Blue
56,62,62,Blue
56,62,62,Blue
56,62,62,Blue
54,63,58,Green
54,63,58,Green
54,63,58,Green
54,63,58,Green
58,63,67,Blue
58,63,67,Blue
58,63,67,Blue
58,63,67,Blue
54,64,65,Blue
54,64,65,Blue
54,64,65,Blue
54,64,65,Blue
54,61,64,Blue
54,61,64,Blue
54,61,64,Blue
54,61,64,Blue
57,65,67,Blue
57,65,67,Blue
57,65,67,Blue
57,65,67,Blue
56,65,64,Blue
61,65,74,Blue
61,65,74,Blue
61,65,74,Blue
58,64,69,Blue
58,64,69,Blue
58,64,69,Blue
58,64,69,Blue
56,65,64,Blue
56,65,64,Blue
56,65,64,Blue
56,65,64,Blue
57,66,72,Blue
57,66,72,Blue
57,66,72,Blue
57,66,72,Blue
60,67,70,Blue
60,67,70,Blue
60,67,70,Blue
60,67,70,Blue
59,71,72,Blue
59,71,72,Blue
59,71,72,Blue
59,71,72,Blue
59,67,68,Blue
59,67,68,Blue
59,67,68,Blue
59,67,68,Blue
60,64,75,Blue
60,64,75,Blue
60,64,75,Blue
60,64,75,Blue
56,67,67,Blue
56,67,67,Blue
56,67,67,Blue
56,67,67,Blue
60,68,67,Blue
60,68,67,Blue
60,68,67,Blue
60,68,67,Blue
57,67,66,Blue
57,67,66,Blue
57,67,66,Blue
57,67,66,Blue
57,68,69,Blue
57,68,69,Blue
57,68,69,Blue
57,68,69,Blue
58,70,73,Blue
58,70,73,Blue
58,70,73,Blue
58,70,73,Blue
58,69,69,Blue
58,69,69,Blue
58,69,69,Blue
58,69,69,Blue
54,70,68,Blue
54,70,68,Blue
54,70,68,Blue
54,70,68,Blue
59,67,68,Blue
59,67,68,Blue
59,67,68,Blue
59,67,68,Blue
60,64,75,Blue
60,64,75,Blue
60,64,75,Blue
60,64,75,Blue
57,70,74,Blue
57,70,74,Blue
57,70,74,Blue
57,70,74,Blue
60,68,68,Blue
60,68,68,Blue
60,68,68,Blue
60,68,68,Blue
60,68,68,Blue
56,69,68,Blue
56,69,68,Blue
56,69,68,Blue
56,67,70,Blue
56,67,70,Blue
56,67,70,Blue
56,67,70,Blue
56,68,67,Blue
56,68,67,Blue
60,68,70,Blue
60,68,70,Blue
60,68,70,Blue
59,69,69,Blue
59,69,69,Blue
59,69,69,Blue
59,69,69,Blue
56,68,70,Blue
56,68,70,Blue
60,68,76,Blue
60,68,76,Blue
60,68,76,Blue
58,68,70,Blue
58,68,70,Blue
58,68,70,Blue
58,68,70,Blue
59,66,70,Blue
59,66,70,Blue
58,66,72,Blue
58,66,72,Blue
58,66,72,Blue
60,69,73,Blue
60,69,73,Blue
60,69,73,Blue
60,69,73,Blue
58,65,74,Blue
58,65,74,Blue
57,67,67,Blue
57,67,67,Blue
57,67,67,Blue
59,67,73,Blue
59,67,73,Blue
59,67,73,Blue
59,67,73,Blue
60,67,75,Blue
60,67,75,Blue
59,69,68,Blue
59,69,68,Blue
59,69,68,Blue
56,72,68,Green
56,72,68,Green
56,72,68,Green
56,72,68,Green
58,68,68,Blue
58,68,68,Blue
59,69,67,Green
59,69,67,Green
59,69,67,Green
59,66,74,Blue
59,66,74,Blue
59,66,74,Blue
59,66,74,Blue
58,67,70,Blue
58,67,70,Blue
60,66,73,Blue
144,142,140,Orange
144,142,140,Orange
143,141,142,Purple
143,141,142,Purple
143,141,142,Purple
143,141,142,Purple
145,142,140,Orange
145,142,140,Orange
145,143,139,Orange
145,143,139,Orange
145,143,139,Orange
144,144,144,Red
144,144,144,Red
144,144,144,Red
144,144,144,Red
144,143,140,Orange
144,143,140,Orange
143,143,140,Yellow
143,143,140,Yellow
143,143,140,Yellow
148,144,144,Red
148,144,144,Red
148,144,144,Red
148,144,144,Red
144,143,143,Red
144,143,143,Red
144,143,139,Orange
144,143,139,Orange
144,143,139,Orange
145,142,145,Purple
145,142,145,Purple
145,142,145,Purple
145,142,145,Purple
144,144,142,Yellow
144,144,142,Yellow
144,144,144,Red
144,144,144,Red
144,144,144,Red
146,141,145,Purple
146,141,145,Purple
146,141,145,Purple
146,141,145,Purple
147,145,139,Orange
147,145,139,Orange
146,142,139,Orange
146,142,139,Orange
146,142,139,Orange
145,142,139,Orange
145,142,139,Orange
145,142,139,Orange
145,142,139,Orange
144,143,143,Red
144,143,143,Red
144,142,142,Red
144,142,142,Red
144,142,142,Red
145,145,143,Yellow
145,145,143,Yellow
145,145,143,Yellow
145,145,143,Yellow
144,145,140,Green
144,145,140,Green
145,144,142,Orange
145,144,142,Orange
145,144,142,Orange
147,145,141,Orange
147,145,141,Orange
147,145,141,Orange
147,145,141,Orange
146,144,142,Orange
146,144,142,Orange
145,145,145,Red
145,145,145,Red
145,145,145,Red
146,143,144,Purple
146,143,144,Purple
146,143,144,Purple
146,143,144,Purple
145,146,141,Green
145,146,141,Green
145,147,141,Green
145,147,141,Green
145,147,141,Green
146,143,144,Purple
146,143,144,Purple
146,143,144,Purple
146,143,144,Purple
148,146,142,Orange
148,146,142,Orange
144,144,142,Yellow
144,144,142,Yellow
144,144,142,Yellow
146,147,141,Green
146,147,141,Green
146,147,141,Green
146,147,141,Green
149,147,143,Orange
149,147,143,Orange
149,147,148,Purple
149,147,148,Purple
149,147,148,Purple
145,148,145,Green
145,148,145,Green
145,148,145,Green
145,148,145,Green
146,145,143,Orange
146,145,143,Orange
149,148,146,Orange
149,148,146,Orange
149,148,146,Orange
148,149,144,Green
148,149,144,Green
148,149,144,Green
148,149,144,Green
145,144,144,Red
145,144,144,Red
133,132,132,Red
133,132,132,Red
133,132,132,Red
122,121,119,Orange
122,121,119,Orange
111,108,113,Purple
111,108,113,Purple
111,108,113,Purple
111,108,113,Purple
119,115,122,Purple
119,115,122,Purple
119,115,122,Purple
115,112,113,Purple
115,112,113,Purple
119,112,110,Red
119,112,110,Red
119,112,110,Red
119,112,110,Red
126,123,121,Orange
126,123,121,Orange
126,123,121,Orange
130,128,122,Orange
130,128,122,Orange
131,126,120,Orange
131,126,120,Orange
131,126,120,Orange
131,126,120,Orange
128,125,119,Orange
128,125,119,Orange
128,125,119,Orange
128,126,121,Orange
128,126,121,Orange
126,122,120,Orange
126,122,120,Orange
126,122,120,Orange
126,122,120,Orange
129,124,115,Orange
129,124,115,Orange
129,124,115,Orange
129,127,123,Orange
129,127,123,Orange
130,126,124,Orange
130,126,124,Orange
130,126,124,Orange
130,126,124,Orange
132,127,122,Orange
132,127,122,Orange
132,127,122,Orange
134,126,123,Red
134,126,123,Red
134,127,126,Red
134,127,126,Red
134,127,126,Red
134,127,126,Red
133,126,119,Orange
133,126,119,Orange
133,126,119,Orange
125,119,113,Orange
125,119,113,Orange
121,117,112,Orange
121,117,112,Orange
121,117,112,Orange
121,117,112,Orange
127,117,117,Red
127,117,117,Red
127,117,117,Red
124,116,111,Orange
124,116,111,Orange
119,111,106,Orange
119,111,106,Orange
119,111,106,Orange
119,111,106,Orange
113,109,107,Orange
113,109,107,Orange
113,109,107,Orange
116,109,105,Orange
116,109,105,Orange
115,109,102,Orange
115,109,102,Orange
115,109,102,Orange
115,109,102,Orange
110,111,102,Yellow
110,111,102,Yellow
110,111,102,Yellow
112,104,105,Purple
112,104,105,Purple
104,99,99,Red
104,99,99,Red
104,99,99,Red
104,99,99,Red
86,82,83,Purple
86,82,83,Purple
86,82,83,Purple
78,71,81,Purple
78,71,81,Purple
83,77,82,Purple
83,77,82,Purple
83,77,82,Purple
83,77,82,Purple
82,82,82,Red
82,82,82,Red
82,82,82,Red
78,73,76,Purple
78,73,76,Purple
78,73,76,Purple
78,73,76,Purple
78,73,76,Purple
82,77,80,Purple
82,77,80,Purple
82,77,80,Purple
82,77,80,Purple
78,84,82,Green
78,84,82,Green
78,84,82,Green
75,75,77,Blue
75,75,77,Blue
67,69,64,Green
67,69,64,Green
67,69,64,Green
67,69,64,Green
55,54,60,Purple
55,54,60,Purple
55,54,60,Purple
54,55,61,Blue
54,55,61,Blue
56,54,62,Purple
56,54,62,Purple
56,54,62,Purple
56,54,62,Purple
54,55,61,Blue
54,55,61,Blue
54,55,61,Blue
54,56,57,Blue
54,56,57,Blue
54,56,59,Blue
54,56,59,Blue
54,56,59,Blue
54,56,59,Blue
54,54,57,Blue
54,54,57,Blue
54,54,57,Blue
54,54,57,Blue
54,54,57,Blue
55,54,59,Purple
55,54,59,Purple
55,54,59,Purple
55,54,59,Purple
54,54,56,Blue
54,54,56,Blue
54,54,56,Blue
54,54,54,Red
54,54,54,Red
54,54,61,Blue
54,54,61,Blue
54,54,61,Blue
54,54,61,Blue
55,54,60,Purple
55,54,60,Purple
55,54,60,Purple
54,53,58,Purple
54,53,58,Purple
53,52,56,Purple
53,52,56,Purple
53,52,56,Purple
53,52,56,Purple
54,54,57,Blue
54,54,57,Blue
54,54,57,Blue
52,53,54,Blue
52,53,54,Blue
53,52,58,Purple
53,52,58,Purple
53,52,58,Purple
53,52,58,Purple
54,53,58,Purple
54,53,58,Purple
54,53,58,Purple
53,53,55,Blue
53,53,55,Blue
54,54,58,Blue
54,54,58,Blue
54,54,58,Blue
54,54,58,Blue
53,52,56,Purple
53,52,56,Purple
53,52,56,Purple
53,52,56,Purple
54,54,56,Blue
54,54,56,Blue
54,54,56,Blue
54,54,56,Blue
56,56,57,Blue
56,56,57,Blue
56,56,57,Blue
56,56,57,Blue
58,58,56,Yellow
58,58,56,Yellow
58,58,56,Yellow
58,58,56,Yellow
59,62,61,Green
59,62,61,Green
59,62,61,Green
59,62,61,Green
67,64,67,Purple
67,64,67,Purple
67,64,67,Purple
67,64,67,Purple
69,62,69,Purple
69,62,69,Purple
69,62,69,Purple
69,62,69,Purple
69,67,64,Orange
69,67,64,Orange
69,67,64,Orange
69,67,64,Orange
74,73,68,Yellow
74,73,68,Yellow
74,73,68,Yellow
74,73,68,Yellow
83,73,74,Purple
83,73,74,Purple
83,73,74,Purple
83,73,74,Purple
82,77,74,Orange
82,77,74,Orange
82,77,74,Orange
82,77,74,Orange
87,80,79,Red
87,80,79,Red
87,80,79,Red
87,80,79,Red
88,79,74,Orange
88,79,74,Orange
88,79,74,Orange
88,79,74,Orange
88,77,74,Red
88,77,74,Red
88,77,74,Red
88,77,74,Red
84,77,75,Red
84,77,75,Red
84,77,75,Red
84,77,75,Red
82,76,70,Orange
82,76,70,Orange
82,76,70,Orange
82,76,70,Orange
83,77,72,Orange
83,77,72,Orange
83,77,72,Orange
83,77,72,Orange
82,76,77,Purple
82,76,77,Purple
82,76,77,Purple
82,76,77,Purple
80,76,72,Orange
80,76,72,Orange
80,76,72,Orange
80,76,72,Orange
79,70,65,Orange
79,70,65,Orange
79,70,65,Orange
79,70,65,Orange
72,69,69,Red
72,69,69,Red
72,69,69,Red
72,69,69,Red
87,75,76,Purple
87,75,76,Purple
87,75,76,Purple
87,75,76,Purple
111,96,95,Red
111,96,95,Red
111,96,95,Red
111,96,95,Red
113,92,98,Purple
113,92,98,Purple
113,92,98,Purple
113,92,98,Purple
120,105,102,Red
120,105,102,Red
120,105,102,Red
120,105,102,Red
115,103,103,Red
115,103,103,Red
115,103,103,Red
115,103,103,Red
98,87,84,Red
98,87,84,Red
98,87,84,Red
98,87,84,Red
109,104,102,Red
109,104,102,Red
109,104,102,Red
109,104,102,Red
110,97,94,Red
110,97,94,Red
110,97,94,Red
110,97,94,Red
110,97,96,Red
110,97,96,Red
110,97,96,Red
110,97,96,Red
104,90,86,Red
104,90,86,Red
104,90,86,Red
104,90,86,Red
89,85,76,Orange
89,85,76,Orange
89,85,76,Orange
89,85,76,Orange
87,81,76,Orange
87,81,76,Orange
87,81,76,Orange
87,81,76,Orange
94,89,85,Orange
94,89,85,Orange
94,89,85,Orange
94,89,85,Orange
97,91,82,Orange
97,91,82,Orange
97,91,82,Orange
97,91,82,Orange
101,94,87,Orange
101,94,87,Orange
101,94,87,Orange
101,94,87,Orange
98,91,83,Orange
98,91,83,Orange
98,91,83,Orange
98,91,83,Orange
83,84,80,Green
83,84,80,Green
83,84,80,Green
83,84,80,Green
88,78,77,Red
88,78,77,Red
88,78,77,Red
88,78,77,Red
83,80,81,Purple
83,80,81,Purple
83,80,81,Purple
83,80,81,Purple
79,75,74,Red
79,75,74,Red
79,75,74,Red
79,75,74,Red
73,73,71,Yellow
73,73,71,Yellow
73,73,71,Yellow
73,73,71,Yellow
80,76,74,Orange
80,76,74,Orange
80,76,74,Orange
80,76,74,Orange
74,76,72,Green
74,76,72,Green
74,76,72,Green
74,76,72,Green
76,77,73,Green
76,77,73,Green
76,77,73,Green
76,77,73,Green
75,79,76,Green
75,79,76,Green
75,79,76,Green
75,79,76,Green
80,72,74,Purple
80,72,74,Purple
80,72,74,Purple
80,72,74,Purple
78,79,71,Yellow
78,79,71,Yellow
78,79,71,Yellow
78,79,71,Yellow
77,74,70,Orange
77,74,70,Orange
77,74,70,Orange
77,74,70,Orange
71,80,80,Blue
71,80,80,Blue
71,80,80,Blue
71,80,80,Blue
74,72,72,Red
74,72,72,Red
74,72,72,Red
74,72,72,Red
77,75,68,Orange
77,75,68,Orange
77,75,68,Orange
77,75,68,Orange
75,74,72,Orange
75,74,72,Orange
75,74,72,Orange
75,74,72,Orange
77,76,73,Orange
77,76,73,Orange
77,76,73,Orange
77,76,73,Orange
79,78,74,Orange
79,78,74,Orange
79,78,74,Orange
79,78,74,Orange
85,74,79,Purple
85,74,79,Purple
85,74,79,Purple
85,74,79,Purple
80,80,80,Red
80,80,80,Red
80,80,80,Red
80,80,80,Red
84,80,79,Red
84,80,79,Red
84,80,79,Red
84,80,79,Red
99,93,94,Purple
99,93,94,Purple
99,93,94,Purple
99,93,94,Purple
99,95,89,Orange
99,95,89,Orange
99,95,89,Orange
99,95,89,Orange
97,94,92,Orange
97,94,92,Orange
97,94,92,Orange
97,94,92,Orange
100,88,91,Purple
100,88,91,Purple
100,88,91,Purple
100,88,91,Purple
96,90,84,Orange
97,88,88,Red
97,88,88,Red
97,88,88,Red
97,88,88,Red
96,94,92,Orange
96,94,92,Orange
96,94,92,Orange
96,94,92,Orange
96,98,85,Green
101,100,93,Yellow
101,100,93,Yellow
101,100,93,Yellow
101,100,93,Yellow
109,98,100,Purple
109,98,100,Purple
109,98,100,Purple
109,98,100,Purple
107,104,101,Orange
107,104,101,Orange
107,104,101,Orange
107,104,101,Orange
103,104,96,Yellow
103,104,96,Yellow
103,104,96,Yellow
103,104,96,Yellow
108,104,104,Red
108,104,104,Red
108,104,104,Red
108,104,104,Red
106,105,104,Orange
102,103,103,Blue
102,103,103,Blue
102,103,103,Blue
102,103,103,Blue
105,103,99,Orange
105,103,99,Orange
105,103,99,Orange
105,103,99,Orange
99,99,91,Yellow
99,99,91,Yellow
99,99,91,Yellow
99,99,91,Yellow
102,101,90,Yellow
102,101,90,Yellow
102,101,90,Yellow
102,101,90,Yellow
103,96,99,Purple
103,96,99,Purple
103,96,99,Purple
103,96,99,Purple
104,102,103,Purple
104,102,103,Purple
104,102,103,Purple
104,102,103,Purple
103,98,103,Purple
103,98,103,Purple
103,98,103,Purple
103,98,103,Purple
92,91,86,Yellow
92,91,86,Yellow
92,91,86,Yellow
92,91,86,Yellow
87,90,87,Green
87,90,87,Green
87,90,87,Green
87,90,87,Green
84,81,75,Orange
84,81,75,Orange
84,81,75,Orange
84,81,75,Orange
75,75,74,Yellow
75,75,74,Yellow
75,75,74,Yellow
75,75,74,Yellow
60,59,66,Blue
60,59,66,Blue
60,59,66,Blue
60,59,66,Blue
76,83,83,Blue
76,83,83,Blue
76,83,83,Blue
76,83,83,Blue
82,98,99,Blue
82,98,99,Blue
82,98,99,Blue
82,98,99,Blue
94,102,103,Blue
94,102,103,Blue
94,102,103,Blue
94,102,103,Blue
91,100,107,Blue
91,100,107,Blue
91,100,107,Blue
91,100,107,Blue
87,100,109,Blue
87,100,109,Blue
87,100,109,Blue
87,100,109,Blue
93,97,107,Blue
93,97,107,Blue
93,97,107,Blue
93,97,107,Blue
91,97,99,Blue
91,97,99,Blue
91,97,99,Blue
91,97,99,Blue
86,99,100,Blue
86,99,100,Blue
86,99,100,Blue
86,99,100,Blue
90,97,106,Blue
90,97,106,Blue
90,97,106,Blue
90,97,106,Blue
87,99,105,Blue
87,99,105,Blue
87,99,105,Blue
87,99,105,Blue
91,101,99,Green
91,101,99,Green
91,101,99,Green
91,101,99,Green
90,98,107,Blue
90,98,107,Blue
90,98,107,Blue
90,98,107,Blue
97,99,113,Blue
97,99,113,Blue
97,99,113,Blue
97,99,113,Blue
95,101,102,Blue
95,101,102,Blue
95,101,102,Blue
95,101,102,Blue
94,92,106,Blue
94,92,106,Blue
94,92,106,Blue
94,92,106,Blue
93,102,103,Blue
93,102,103,Blue
93,102,103,Blue
93,102,103,Blue
88,98,106,Blue
88,98,106,Blue
88,98,106,Blue
88,98,106,Blue
88,101,101,Blue
88,101,101,Blue
88,101,101,Blue
88,101,101,Blue
90,105,106,Blue
90,105,106,Blue
90,105,106,Blue
90,105,106,Blue
93,98,102,Blue
93,98,102,Blue
93,98,102,Blue
93,98,102,Blue
94,99,104,Blue
94,99,104,Blue
94,99,104,Blue
94,99,104,Blue
93,102,105,Blue
93,102,105,Blue
93,102,105,Blue
93,102,105,Blue
91,96,104,Blue
91,96,104,Blue
91,96,104,Blue
91,96,104,Blue
93,101,101,Blue
93,101,101,Blue
93,101,101,Blue
93,101,101,Blue
94,100,103,Blue
94,100,103,Blue
94,100,103,Blue
94,100,103,Blue
92,98,98,Blue
92,98,98,Blue
92,98,98,Blue
92,98,98,Blue
96,101,106,Blue
96,101,106,Blue
96,101,106,Blue
96,101,106,Blue
94,100,111,Blue
94,100,111,Blue
94,100,111,Blue
94,100,111,Blue
94,96,108,Blue
94,96,108,Blue
94,96,108,Blue
94,96,108,Blue
98,98,101,Blue
98,98,101,Blue
98,98,101,Blue
98,98,101,Blue
98,102,105,Blue
98,102,105,Blue
98,102,105,Blue
98,102,105,Blue
94,101,104,Blue
94,101,104,Blue
94,101,104,Blue
94,101,104,Blue
93,100,103,Blue
93,100,103,Blue
93,100,103,Blue
93,100,103,Blue
81,90,92,Blue
81,90,92,Blue
81,90,92,Blue
81,90,92,Blue
60,58,59,Purple
60,58,59,Purple
60,58,59,Purple
60,58,59,Purple
55,60,61,Blue
55,60,61,Blue
55,60,61,Blue
55,60,61,Blue
58,62,62,Blue
58,62,62,Blue
58,62,62,Blue
58,62,62,Blue
54,58,66,Blue
54,58,66,Blue
54,58,66,Blue
54,58,66,Blue
56,60,63,Blue
56,60,63,Blue
56,60,63,Blue
56,60,63,Blue
57,58,62,Blue
57,58,62,Blue
57,58,62,Blue
57,58,62,Blue
52,59,66,Blue
52,59,66,Blue
52,59,66,Blue
52,59,66,Blue
57,59,63,Blue
57,59,63,Blue
57,59,63,Blue
57,59,63,Blue
56,57,71,Blue
56,57,71,Blue
56,57,71,Blue
56,57,71,Blue
60,55,63,Purple
60,55,63,Purple
60,55,63,Purple
60,55,63,Purple
58,59,61,Blue
58,59,61,Blue
58,59,61,Blue
58,59,61,Blue
55,57,59,Blue
55,57,59,Blue
55,57,59,Blue
55,57,59,Blue
58,59,62,Blue
58,59,62,Blue
58,59,62,Blue
58,59,62,Blue
53,59,59,Blue
53,59,59,Blue
53,59,59,Blue
53,59,59,Blue
55,56,65,Blue
55,56,65,Blue
55,56,65,Blue
55,56,65,Blue
53,62,59,Green
53,62,59,Green
53,62,59,Green
53,62,59,Green
54,58,64,Blue
54,58,64,Blue
54,58,64,Blue
54,58,64,Blue
56,57,61,Blue
56,57,61,Blue
56,57,61,Blue
56,57,61,Blue
55,60,65,Blue
55,60,65,Blue
55,60,65,Blue
55,60,65,Blue
54,60,59,Blue
54,60,59,Blue
54,60,59,Blue
54,60,59,Blue
58,61,73,Blue
58,61,73,Blue
58,61,73,Blue
58,61,73,Blue
56,61,64,Blue
56,61,64,Blue
56,61,64,Blue
56,61,64,Blue
55,60,61,Blue
55,60,61,Blue
55,60,61,Blue
55,60,61,Blue
55,58,60,Blue
55,58,60,Blue
55,58,60,Blue
55,58,60,Blue
58,61,64,Blue
58,61,64,Blue
58,61,64,Blue
58,61,64,Blue
69,77,79,Blue
69,77,79,Blue
69,77,79,Blue
69,77,79,Blue
63,71,72,Blue
63,71,72,Blue
63,71,72,Blue
63,71,72,Blue
65,68,80,Blue
65,68,80,Blue
65,68,80,Blue
65,68,80,Blue
68,75,81,Blue
68,75,81,Blue
68,75,81,Blue
68,75,81,Blue
70,77,83,Blue
70,77,83,Blue
70,77,83,Blue
70,77,83,Blue
74,81,78,Green
74,81,78,Green
74,81,78,Green
74,81,78,Green
72,79,89,Blue
72,79,89,Blue
72,79,89,Blue
72,79,89,Blue
74,79,83,Blue
74,79,83,Blue
74,79,83,Blue
74,79,83,Blue
83,87,95,Blue
83,87,95,Blue
83,87,95,Blue
83,87,95,Blue
86,93,98,Blue
86,93,98,Blue
86,93,98,Blue
86,93,98,Blue
88,91,97,Blue
88,91,97,Blue
88,91,97,Blue
88,91,97,Blue
93,93,94,Blue
93,93,94,Blue
93,93,94,Blue
93,93,94,Blue
88,94,103,Blue
88,94,103,Blue
88,94,103,Blue
88,94,103,Blue
88,94,95,Blue
88,94,95,Blue
88,94,95,Blue
88,94,95,Blue
90,97,98,Blue
90,97,98,Blue
90,97,98,Blue
90,97,98,Blue
88,96,99,Blue
88,96,99,Blue
88,96,99,Blue
88,96,99,Blue
93,97,99,Blue
93,97,99,Blue
93,97,99,Blue
93,97,99,Blue
86,100,101,Blue
86,100,101,Blue
86,100,101,Blue
86,100,101,Blue
86,99,93,Green
86,99,93,Green
86,99,93,Green
86,99,93,Green
89,95,101,Blue
89,95,101,Blue
89,95,101,Blue
89,95,101,Blue
90,95,105,Blue
90,95,105,Blue
90,95,105,Blue
90,95,105,Blue
92,97,101,Blue
92,97,101,Blue
92,97,101,Blue
92,97,101,Blue
90,96,99,Blue
90,96,99,Blue
90,96,99,Blue
90,96,99,Blue
92,93,101,Blue
92,93,101,Blue
92,93,101,Blue
92,93,101,Blue
89,95,98,Blue
89,95,98,Blue
89,95,98,Blue
89,95,98,Blue
94,98,101,Blue
94,98,101,Blue
94,98,101,Blue
94,98,101,Blue
88,92,101,Blue
88,92,101,Blue
88,92,101,Blue
88,92,101,Blue
90,100,96,Green
90,100,96,Green
90,100,96,Green
90,100,96,Green
92,99,103,Blue
92,99,103,Blue
92,99,103,Blue
92,99,103,Blue
89,96,101,Blue
89,96,101,Blue
89,96,101,Blue
89,96,101,Blue
89,96,94,Green
89,96,94,Green
89,96,94,Green
89,96,94,Green
79,85,97,Blue
79,85,97,Blue
79,85,97,Blue
79,85,97,Blue
72,78,86,Blue
72,78,86,Blue
72,78,86,Blue
72,78,86,Blue
74,80,87,Blue
74,80,87,Blue
74,80,87,Blue
74,80,87,Blue
76,85,87,Blue
76,85,87,Blue
76,85,87,Blue
76,85,87,Blue
80,82,84,Blue
80,82,84,Blue
80,82,84,Blue
80,82,84,Blue
72,81,82,Blue
72,81,82,Blue
72,81,82,Blue
72,81,82,Blue
67,80,78,Blue
67,80,78,Blue
67,80,78,Blue
67,80,78,Blue
66,77,83,Blue
66,77,83,Blue
66,77,83,Blue
66,77,83,Blue
81,81,83,Blue
81,81,83,Blue
81,81,83,Blue
81,81,83,Blue
88,94,104,Blue
88,94,104,Blue
88,94,104,Blue
88,94,104,Blue
92,97,102,Blue
92,97,102,Blue
92,97,102,Blue
92,97,102,Blue
92,99,102,Blue
92,99,102,Blue
92,99,102,Blue
92,99,102,Blue
82,87,83,Green
82,87,83,Green
82,87,83,Green
82,87,83,Green
132,121,117,Red
132,121,117,Red
132,121,117,Red
132,121,117,Red
102,97,93,Orange
102,97,93,Orange
102,97,93,Orange
102,97,93,Orange
71,82,81,Blue
71,82,81,Blue
71,82,81,Blue
71,82,81,Blue
74,79,83,Blue
74,79,83,Blue
74,79,83,Blue
74,79,83,Blue
81,87,91,Blue
81,87,91,Blue
81,87,91,Blue
81,87,91,Blue
80,84,86,Blue
80,84,86,Blue
80,84,86,Blue
80,84,86,Blue
87,95,93,Green
87,95,93,Green
87,95,93,Green
87,95,93,Green
86,99,103,Blue
86,99,103,Blue
86,99,103,Blue
86,99,103,Blue
94,95,101,Blue
94,95,101,Blue
94,95,101,Blue
94,95,101,Blue
91,94,102,Blue
91,94,102,Blue
91,94,102,Blue
91,94,102,Blue
89,99,101,Blue
89,99,101,Blue
89,99,101,Blue
89,99,101,Blue
94,97,99,Blue
94,97,99,Blue
94,97,99,Blue
94,97,99,Blue
104,106,108,Blue
104,106,108,Blue
104,106,108,Blue
104,106,108,Blue
92,100,106,Blue
92,100,106,Blue
92,100,106,Blue
92,100,106,Blue
86,98,98,Blue
86,98,98,Blue
86,98,98,Blue
86,98,98,Blue
90,101,104,Blue
90,101,104,Blue
90,101,104,Blue
90,101,104,Blue
89,101,104,Blue
89,101,104,Blue
89,101,104,Blue
89,101,104,Blue
92,96,95,Green
92,96,95,Green
92,96,95,Green
92,96,95,Green
91,102,107,Blue
91,102,107,Blue
91,102,107,Blue
91,102,107,Blue
96,104,109,Blue
96,104,109,Blue
96,104,109,Blue
96,104,109,Blue
97,102,111,Blue
97,102,111,Blue
97,102,111,Blue
97,102,111,Blue
91,102,99,Green
91,102,99,Green
91,102,99,Green
91,102,99,Green
98,105,112,Blue
98,105,112,Blue
98,105,112,Blue
98,105,112,Blue
98,109,114,Blue
98,109,114,Blue
98,109,114,Blue
98,109,114,Blue
95,106,112,Blue
95,106,112,Blue
95,106,112,Blue
95,106,112,Blue
99,109,116,Blue
99,109,116,Blue
99,109,116,Blue
99,109,116,Blue
91,104,104,Blue
91,104,104,Blue
91,104,104,Blue
91,104,104,Blue
100,107,111,Blue
100,107,111,Blue
100,107,111,Blue
100,107,111,Blue
87,100,100,Blue
87,100,100,Blue
87,100,100,Blue
87,100,100,Blue
92,97,109,Blue
92,97,109,Blue
92,97,109,Blue
92,97,109,Blue
86,97,99,Blue
86,97,99,Blue
86,97,99,Blue
86,97,99,Blue
90,101,103,Blue
90,101,103,Blue
90,101,103,Blue
90,101,103,Blue
87,95,108,Blue
87,95,108,Blue
87,95,108,Blue
87,95,108,Blue
94,100,102,Blue
94,100,102,Blue
94,100,102,Blue
94,100,102,Blue
88,99,99,Blue
88,99,99,Blue
88,99,99,Blue
88,99,99,Blue
86,102,104,Blue
86,102,104,Blue
86,102,104,Blue
86,102,104,Blue
91,100,107,Blue
91,100,107,Blue
91,100,107,Blue
91,100,107,Blue
93,96,106,Blue
93,96,106,Blue
93,96,106,Blue
93,96,106,Blue
99,98,106,Blue
99,98,106,Blue
99,98,106,Blue
99,98,106,Blue
96,100,106,Blue
96,100,106,Blue
96,100,106,Blue
96,100,106,Blue
94,108,110,Blue
94,108,110,Blue
94,108,110,Blue
94,108,110,Blue
93,101,101,Blue
93,101,101,Blue
93,101,101,Blue
93,101,101,Blue
99,107,109,Blue
99,107,109,Blue
99,107,109,Blue
99,107,109,Blue
94,105,102,Green
94,105,102,Green
94,105,102,Green
94,105,102,Green
94,101,102,Blue
94,101,102,Blue
94,101,102,Blue
94,101,102,Blue
97,106,114,Blue
97,106,114,Blue
97,106,114,Blue
97,106,114,Blue
95,103,113,Blue
95,103,113,Blue
95,103,113,Blue
95,103,113,Blue
98,101,110,Blue
98,101,110,Blue
98,101,110,Blue
98,101,110,Blue
94,102,115,Blue
94,102,115,Blue
94,102,115,Blue
94,102,115,Blue
93,103,102,Blue
93,103,102,Blue
93,103,102,Blue
93,103,102,Blue
94,103,105,Blue
94,103,105,Blue
94,103,105,Blue
94,103,105,Blue
94,104,108,Blue
94,104,108,Blue
94,104,108,Blue
94,104,108,Blue
97,94,106,Purple
97,94,106,Purple
97,94,106,Purple
97,94,106,Purple
92,101,104,Blue
92,101,104,Blue
92,101,104,Blue
92,101,104,Blue
93,97,104,Blue
93,97,104,Blue
93,97,104,Blue
93,97,104,Blue
86,98,99,Blue
86,98,99,Blue
86,98,99,Blue
86,98,99,Blue
90,96,101,Blue
90,96,101,Blue
90,96,101,Blue
90,96,101,Blue
93,103,104,Blue
93,103,104,Blue
93,103,104,Blue
93,103,104,Blue
89,98,99,Blue
89,98,99,Blue
90,100,102,Blue
90,100,102,Blue
90,100,102,Blue
89,96,108,Blue
89,96,108,Blue
89,96,108,Blue
89,96,108,Blue
89,100,95,Green
89,100,95,Green
93,101,109,Blue
93,101,109,Blue
93,101,109,Blue
93,100,103,Blue
93,100,103,Blue
93,100,103,Blue
93,100,103,Blue
94,98,107,Blue
94,98,107,Blue
94,98,107,Blue
94,98,107,Blue
94,98,107,Blue
94,96,104,Blue
94,96,104,Blue
94,96,104,Blue
93,102,108,Blue
93,102,108,Blue
93,102,108,Blue
93,102,108,Blue
88,97,101,Blue
88,97,101,Blue
92,97,100,Blue
92,97,100,Blue
92,97,100,Blue
92,97,104,Blue
92,97,104,Blue
92,97,104,Blue
92,97,104,Blue
91,97,101,Blue
91,97,101,Blue
91,97,101,Blue
91,97,101,Blue
91,97,101,Blue
96,100,110,Blue
96,100,110,Blue
96,100,110,Blue
93,93,104,Blue
93,93,104,Blue
93,93,104,Blue
93,93,104,Blue
90,96,101,Blue
90,96,101,Blue
86,96,99,Blue
86,96,99,Blue
86,96,99,Blue
95,97,109,Blue
95,97,109,Blue
95,97,109,Blue
95,97,109,Blue
93,101,100,Blue
93,101,100,Blue
85,101,102,Blue
85,101,102,Blue
85,101,102,Blue
96,100,102,Blue
96,100,102,Blue
96,100,102,Blue
96,100,102,Blue
85,99,101,Blue
85,99,101,Blue
89,100,97,Green
89,100,97,Green
89,100,97,Green
91,95,102,Blue
91,95,102,Blue
91,95,102,Blue
91,95,102,Blue
89,94,105,Blue
89,94,105,Blue
96,99,105,Blue
96,99,105,Blue
96,99,105,Blue
96,97,109,Blue
96,97,109,Blue
96,97,109,Blue
96,97,109,Blue
90,96,103,Blue
90,96,103,Blue
92,97,102,Blue
92,97,102,Blue
92,97,102,Blue
90,103,105,Blue
90,103,105,Blue
90,103,105,Blue
90,103,105,Blue
93,100,107,Blue
93,100,107,Blue
93,98,102,Blue
93,98,102,Blue
93,98,102,Blue
94,95,104,Blue
94,95,104,Blue
94,95,104,Blue
94,95,104,Blue
92,100,106,Blue
92,100,106,Blue
88,102,101,Blue
88,102,101,Blue
88,102,101,Blue
92,98,95,Green
92,98,95,Green
92,98,95,Green
92,98,95,Green
92,97,103,Blue
92,97,103,Blue
90,103,104,Blue
90,103,104,Blue
90,103,104,Blue
90,99,106,Blue
90,99,106,Blue
90,99,106,Blue
90,99,106,Blue
93,94,99,Blue
93,94,99,Blue
98,95,105,Purple
98,95,105,Purple
98,95,105,Purple
96,97,110,Blue
96,97,110,Blue
96,97,110,Blue
96,97,110,Blue
92,99,102,Blue
92,99,102,Blue
92,95,104,Blue
92,95,104,Blue
92,95,104,Blue
99,100,110,Blue
99,100,110,Blue
99,100,110,Blue
99,100,110,Blue
97,100,101,Blue
97,100,101,Blue
97,92,106,Purple
97,92,106,Purple
97,92,106,Purple
91,99,103,Blue
91,99,103,Blue
91,99,103,Blue
91,99,103,Blue
92,95,101,Blue
92,95,101,Blue
91,96,100,Blue
91,96,100,Blue
91,96,100,Blue
91,97,104,Blue
91,97,104,Blue
91,97,104,Blue
91,97,104,Blue
95,91,98,Purple
95,91,98,Purple
91,93,103,Blue
91,93,103,Blue
91,93,103,Blue
95,95,100,Blue
95,95,100,Blue
95,95,100,Blue
95,95,100,Blue
96,97,102,Blue
96,97,102,Blue
93,98,96,Green
93,98,96,Green
93,98,96,Green
96,98,98,Blue
96,98,98,Blue
96,98,98,Blue
96,98,98,Blue
96,91,101,Purple
96,91,101,Purple
96,96,105,Blue
96,96,105,Blue
96,96,105,Blue
93,98,100,Blue
93,98,100,Blue
93,98,100,Blue
93,98,100,Blue
96,95,100,Purple
96,95,100,Purple
94,95,95,Blue
94,95,95,Blue
94,95,95,Blue
98,94,100,Purple
98,94,100,Purple
92,94,101,Blue
92,94,101,Blue
92,94,101,Blue
92,94,101,Blue
80,82,87,Blue
80,82,87,Blue
80,82,87,Blue
71,73,74,Blue
71,73,74,Blue
75,78,82,Blue
75,78,82,Blue
75,78,82,Blue
75,78,82,Blue
73,72,80,Blue
73,72,80,Blue
73,72,80,Blue
77,76,80,Purple
77,76,80,Purple
71,74,75,Blue
71,74,75,Blue
71,74,75,Blue
71,74,75,Blue
79,77,79,Purple
79,77,79,Purple
79,77,79,Purple
72,79,76,Green
72,79,76,Green
71,74,71,Green
71,74,71,Green
71,74,71,Green
71,74,71,Green
73,74,79,Blue
73,74,79,Blue
73,74,79,Blue
68,78,78,Blue
68,78,78,Blue
71,81,77,Green
71,81,77,Green
71,81,77,Green
71,81,77,Green
71,81,78,Green
71,81,78,Green
71,81,78,Green
71,73,71,Green
71,73,71,Green
71,73,71,Green
71,73,71,Green
71,73,71,Green
67,74,74,Blue
67,74,74,Blue
67,74,74,Blue
67,74,74,Blue
72,80,78,Green
72,80,78,Green
72,80,78,Green
75,81,78,Green
75,81,78,Green
80,78,80,Purple
80,78,80,Purple
80,78,80,Purple
80,78,80,Purple
72,77,83,Blue
72,77,83,Blue
72,77,83,Blue
78,75,80,Purple
78,75,80,Purple
75,77,77,Blue
75,77,77,Blue
75,77,77,Blue
75,77,77,Blue
77,79,84,Blue
77,79,84,Blue
77,79,84,Blue
79,75,79,Purple
79,75,79,Purple
78,80,82,Blue
78,80,82,Blue
78,80,82,Blue
78,80,82,Blue
73,82,79,Green
73,82,79,Green
73,82,79,Green
80,81,89,Blue
80,81,89,Blue
95,96,97,Blue
95,96,97,Blue
95,96,97,Blue
95,96,97,Blue
93,95,97,Blue
93,95,97,Blue
93,95,97,Blue
97,94,100,Purple
97,94,100,Purple
96,87,101,Purple
96,87,101,Purple
96,87,101,Purple
96,87,101,Purple
96,99,105,Blue
96,99,105,Blue
96,99,105,Blue
93,95,101,Blue
93,95,101,Blue
97,97,102,Blue
97,97,102,Blue
97,97,102,Blue
97,97,102,Blue
94,95,103,Blue
94,95,103,Blue
94,95,103,Blue
95,93,101,Purple
95,93,101,Purple
93,95,100,Blue
93,95,100,Blue
93,95,100,Blue
93,95,100,Blue
88,91,97,Blue
88,91,97,Blue
88,91,97,Blue
94,95,104,Blue
94,95,104,Blue
97,97,99,Blue
97,97,99,Blue
97,97,99,Blue
97,97,99,Blue
93,99,105,Blue
93,99,105,Blue
93,99,105,Blue
95,96,104,Blue
95,96,104,Blue
99,98,104,Purple
99,98,104,Purple
99,98,104,Purple
99,98,104,Purple
93,97,103,Blue
93,97,103,Blue
93,97,103,Blue
92,96,100,Blue
92,96,100,Blue
93,97,106,Blue
93,97,106,Blue
93,97,106,Blue
93,97,106,Blue
97,96,103,Blue
97,96,103,Blue
97,96,103,Blue
93,95,103,Blue
93,95,103,Blue
93,101,105,Blue
93,101,105,Blue
93,101,105,Blue
93,101,105,Blue
92,96,101,Blue
92,96,101,Blue
92,96,101,Blue
97,95,103,Purple
97,95,103,Purple
96,94,100,Purple
96,94,100,Purple
96,94,100,Purple
96,94,100,Purple
92,100,103,Blue
92,100,103,Blue
92,100,103,Blue
93,93,109,Blue
93,93,109,Blue
93,93,109,Blue
93,93,109,Blue
93,93,109,Blue
95,101,108,Blue
95,101,108,Blue
95,101,108,Blue
95,101,108,Blue
94,101,104,Blue
94,101,104,Blue
94,101,104,Blue
94,101,109,Blue
94,101,109,Blue
85,100,95,Green
85,100,95,Green
85,100,95,Green
85,100,95,Green
95,95,102,Blue
95,95,102,Blue
95,95,102,Blue
95,95,102,Blue
94,102,99,Green
94,102,99,Green
94,102,99,Green
94,102,99,Green
92,100,103,Blue
92,100,103,Blue
92,100,103,Blue
92,100,103,Blue
88,96,103,Blue
88,96,103,Blue
88,96,103,Blue
88,96,103,Blue
96,97,105,Blue
96,97,105,Blue
96,97,105,Blue
96,97,105,Blue
93,94,100,Blue
93,94,100,Blue
93,94,100,Blue
93,94,100,Blue
94,97,100,Blue
94,97,100,Blue
94,97,100,Blue
94,97,100,Blue
94,98,99,Blue
94,98,99,Blue
94,98,99,Blue
94,98,99,Blue
94,94,104,Blue
94,94,104,Blue
94,94,104,Blue
94,94,104,Blue
92,95,103,Blue
92,95,103,Blue
92,95,103,Blue
92,95,103,Blue
83,97,98,Blue
83,97,98,Blue
83,97,98,Blue
83,97,98,Blue
96,92,101,Purple
96,92,101,Purple
96,92,101,Purple
96,92,101,Purple
98,95,102,Purple
98,95,102,Purple
98,95,102,Purple
98,95,102,Purple
98,91,100,Purple
98,91,100,Purple
98,91,100,Purple
98,91,100,Purple
92,96,104,Blue
92,96,104,Blue
92,96,104,Blue
92,96,104,Blue
97,103,106,Blue
97,103,106,Blue
97,103,106,Blue
97,103,106,Blue
89,98,95,Green
89,98,95,Green
89,98,95,Green
89,98,95,Green
95,99,92,Green
95,99,92,Green
95,99,92,Green
95,99,92,Green
100,92,108,Purple
100,92,108,Purple
100,92,108,Purple
100,92,108,Purple
97,95,101,Purple
97,95,101,Purple
97,95,101,Purple
97,95,101,Purple
90,95,102,Blue
90,95,102,Blue
90,95,102,Blue
90,95,102,Blue
102,97,103,Purple
102,97,103,Purple
102,97,103,Purple
102,97,103,Purple
91,95,100,Blue
91,95,100,Blue
91,95,100,Blue
91,95,100,Blue
101,99,100,Purple
101,99,100,Purple
101,99,100,Purple
101,99,100,Purple
96,96,96,Red
96,96,96,Red
96,96,96,Red
96,96,96,Red
96,98,101,Blue
96,98,101,Blue
96,98,101,Blue
96,98,101,Blue
88,97,98,Blue
88,97,98,Blue
88,97,98,Blue
88,97,98,Blue
89,95,99,Blue
89,95,99,Blue
89,95,99,Blue
89,95,99,Blue
76,83,80,Green
76,83,80,Green
76,83,80,Green
76,83,80,Green
64,66,65,Green
64,66,65,Green
64,66,65,Green
64,66,65,Green
58,57,60,Purple
58,57,60,Purple
58,57,60,Purple
58,57,60,Purple
60,66,66,Blue
60,66,66,Blue
60,66,66,Blue
60,66,66,Blue
64,67,70,Blue
64,67,70,Blue
64,67,70,Blue
64,67,70,Blue
65,63,65,Purple
65,63,65,Purple
65,63,65,Purple
65,63,65,Purple
65,65,64,Yellow
65,65,64,Yellow
65,65,64,Yellow
65,65,64,Yellow
64,62,58,Orange
64,62,58,Orange
64,62,58,Orange
64,62,58,Orange
60,58,58,Red
60,58,58,Red
60,58,58,Red
60,58,58,Red
54,60,60,Blue
54,60,60,Blue
54,60,60,Blue
54,60,60,Blue
59,59,57,Yellow
59,59,57,Yellow
59,59,57,Yellow
59,59,57,Yellow
57,55,59,Purple
57,55,59,Purple
57,55,59,Purple
57,55,59,Purple
56,60,58,Green
56,60,58,Green
56,60,58,Green
56,60,58,Green
73,63,69,Purple
73,63,69,Purple
73,63,69,Purple
73,63,69,Purple
88,81,78,Red
88,81,78,Red
88,81,78,Red
88,81,78,Red
91,86,79,Orange
91,86,79,Orange
91,86,79,Orange
91,86,79,Orange
95,89,81,Orange
95,89,81,Orange
95,89,81,Orange
95,89,81,Orange
99,93,85,Orange
99,93,85,Orange
99,93,85,Orange
99,93,85,Orange
94,89,74,Orange
94,89,74,Orange
94,89,74,Orange
94,89,74,Orange
101,90,82,Orange
101,90,82,Orange
101,90,82,Orange
101,90,82,Orange
104,91,86,Red
104,91,86,Red
104,91,86,Red
104,91,86,Red
103,94,87,Orange
103,94,87,Orange
103,94,87,Orange
103,94,87,Orange
104,93,76,Orange
104,93,76,Orange
104,93,76,Orange
104,93,76,Orange
107,99,88,Orange
107,99,88,Orange
107,99,88,Orange
107,99,88,Orange
110,97,90,Orange
110,97,90,Orange
121,105,96,Orange
121,105,96,Orange
121,105,96,Orange
122,106,108,Purple
122,106,108,Purple
122,106,108,Purple
122,106,108,Purple
121,109,103,Orange
121,109,103,Orange
121,109,103,Orange
121,108,103,Red
121,108,103,Red
111,99,93,Orange
111,99,93,Orange
111,99,93,Orange
111,99,93,Orange
115,101,97,Red
115,101,97,Red
115,101,97,Red
115,101,97,Red
113,106,96,Orange
113,106,96,Orange
113,106,96,Orange
113,106,96,Orange
113,113,104,Yellow
113,113,104,Yellow
113,113,104,Yellow
113,113,104,Yellow
116,111,105,Orange
116,111,105,Orange
116,111,105,Orange
116,111,105,Orange
116,109,107,Red
116,109,107,Red
116,109,107,Red
116,109,107,Red
111,106,104,Red
111,106,104,Red
111,106,104,Red
111,106,104,Red
110,105,100,Orange
110,105,100,Orange
110,105,100,Orange
110,105,100,Orange
111,104,100,Orange
105,105,97,Yellow
113,101,100,Red
113,101,100,Red
113,101,100,Red
113,101,100,Red
100,101,95,Green
100,101,95,Green
100,101,95,Green
100,101,95,Green
101,99,94,Orange
101,99,94,Orange
101,99,94,Orange
101,99,94,Orange
82,82,85,Blue
82,82,85,Blue
82,82,85,Blue
82,82,85,Blue
77,78,72,Green
77,78,72,Green
77,78,72,Green
77,78,72,Green
51,55,57,Blue
51,55,57,Blue
51,55,57,Blue
51,55,57,Blue
87,95,98,Blue
87,95,98,Blue
87,95,98,Blue
87,95,98,Blue
91,95,103,Blue
91,95,103,Blue
91,95,103,Blue
91,95,103,Blue
94,94,105,Blue
94,94,105,Blue
94,94,105,Blue
94,94,105,Blue
95,97,108,Blue
95,97,108,Blue
95,97,108,Blue
95,97,108,Blue
93,100,103,Blue
93,100,103,Blue
93,100,103,Blue
93,100,103,Blue
91,97,102,Blue
59,75,74,Blue
59,75,74,Blue
59,75,74,Blue
56,74,72,Blue
56,74,72,Blue
56,74,72,Blue
56,74,72,Blue
57,73,71,Blue
57,73,71,Blue
57,73,71,Blue
57,73,71,Blue
59,72,68,Green
59,72,68,Green
59,72,68,Green
59,72,68,Green
53,76,65,Green
53,76,65,Green
53,76,65,Green
53,76,65,Green
55,72,68,Green
55,72,68,Green
55,72,68,Green
55,72,68,Green
56,73,73,Blue
56,73,73,Blue
56,73,73,Blue
56,73,73,Blue
55,75,67,Green
55,75,67,Green
55,75,67,Green
55,75,67,Green
56,73,67,Green
56,73,67,Green
56,73,67,Green
56,73,67,Green
55,71,70,Blue
55,71,70,Blue
55,71,70,Blue
55,71,70,Blue
58,73,74,Blue
58,73,74,Blue
58,73,74,Blue
58,73,74,Blue
56,72,72,Blue
56,72,72,Blue
56,72,72,Blue
56,72,72,Blue
55,72,65,Green
55,72,65,Green
55,72,65,Green
55,72,65,Green
55,75,66,Green
55,75,66,Green
55,75,66,Green
55,75,66,Green
56,73,68,Green
56,73,68,Green
56,73,68,Green
56,73,68,Green
54,73,71,Blue
54,73,71,Blue
54,73,71,Blue
54,73,71,Blue
55,74,71,Blue
55,74,71,Blue
55,74,71,Blue
55,74,71,Blue
55,70,72,Blue
55,70,72,Blue
55,70,72,Blue
55,70,72,Blue
53,72,67,Green
53,72,67,Green
53,72,67,Green
53,72,67,Green
56,72,66,Green
56,72,66,Green
56,72,66,Green
56,72,66,Green
56,73,67,Green
56,73,67,Green
56,73,67,Green
56,73,67,Green
54,74,68,Green
54,74,68,Green
54,74,68,Green
54,74,68,Green
55,72,66,Green
55,72,66,Green
55,72,66,Green
55,72,66,Green
56,73,68,Green
56,73,68,Green
56,73,68,Green
56,73,68,Green
56,72,62,Green
56,72,62,Green
56,72,62,Green
56,72,62,Green
57,76,61,Green
57,76,61,Green
57,76,61,Green
57,76,61,Green
56,75,68,Green
56,75,68,Green
56,75,68,Green
56,75,68,Green
55,74,70,Green
55,74,70,Green
55,74,70,Green
55,74,70,Green
57,72,76,Blue
57,72,76,Blue
57,72,76,Blue
57,72,76,Blue
56,73,68,Green
56,73,68,Green
56,73,68,Green
56,73,68,Green
54,71,65,Green
54,71,65,Green
54,71,65,Green
54,71,65,Green
54,69,72,Blue
54,69,72,Blue
54,69,72,Blue
54,69,72,Blue
57,72,75,Blue
57,72,75,Blue
57,72,75,Blue
57,72,75,Blue
57,74,68,Green
57,74,68,Green
57,74,68,Green
57,74,68,Green
55,68,73,Blue
55,68,73,Blue
55,68,73,Blue
55,68,73,Blue
54,73,74,Blue
54,73,74,Blue
54,73,74,Blue
54,73,74,Blue
55,75,67,Green
55,75,67,Green
55,75,67,Green
55,75,67,Green
56,74,71,Blue
56,74,71,Blue
56,74,71,Blue
56,74,71,Blue
55,74,68,Green
55,74,68,Green
55,74,68,Green
55,74,68,Green
54,74,66,Green
54,74,66,Green
54,74,66,Green
54,74,66,Green
55,70,65,Green
55,70,65,Green
55,70,65,Green
55,70,65,Green
58,72,73,Blue
58,72,73,Blue
58,72,73,Blue
58,72,73,Blue
53,73,67,Green
53,73,67,Green
53,73,67,Green
53,73,67,Green
54,74,67,Green
54,74,67,Green
54,74,67,Green
54,74,67,Green
55,71,71,Blue
55,71,71,Blue
55,71,71,Blue
55,71,71,Blue
56,72,71,Blue
56,72,71,Blue
56,72,71,Blue
56,72,71,Blue
56,72,67,Green
56,72,67,Green
56,72,67,Green
56,72,67,Green
55,75,70,Green
55,75,70,Green
55,75,70,Green
55,75,70,Green
55,72,76,Blue
55,72,76,Blue
55,72,76,Blue
55,72,76,Blue
56,73,63,Green
56,73,63,Green
56,73,63,Green
56,73,63,Green
54,70,68,Blue
54,70,68,Blue
54,70,68,Blue
54,70,68,Blue
54,74,67,Green
54,74,67,Green
54,74,67,Green
54,74,67,Green
55,72,65,Green
55,72,65,Green
55,72,65,Green
55,72,65,Green
55,72,68,Green
55,72,68,Green
55,72,68,Green
55,72,68,Green
59,74,66,Green
59,74,66,Green
59,74,66,Green
59,74,66,Green
55,72,67,Green
55,72,67,Green
55,72,67,Green
55,72,67,Green
54,77,66,Green
54,77,66,Green
54,77,66,Green
54,77,66,Green
55,70,73,Blue
55,70,73,Blue
55,70,73,Blue
55,70,73,Blue
56,75,72,Blue
56,75,72,Blue
56,75,72,Blue
56,75,72,Blue
57,73,70,Green
57,73,70,Green
57,73,70,Green
57,73,70,Green
54,70,65,Green
54,70,65,Green
54,70,65,Green
54,70,65,Green
56,72,70,Blue
56,72,70,Blue
56,72,70,Blue
56,72,70,Blue
55,72,69,Blue
55,72,69,Blue
55,72,69,Blue
55,72,69,Blue
54,73,68,Green
54,73,68,Green
54,73,68,Green
54,73,68,Green
53,72,70,Blue
53,72,70,Blue
53,72,70,Blue
53,72,70,Blue
56,71,64,Green
56,71,64,Green
56,71,64,Green
56,71,64,Green
56,75,71,Green
56,75,71,Green
56,75,71,Green
56,75,71,Green
58,68,66,Green
58,68,66,Green
58,68,66,Green
58,68,66,Green
56,75,69,Green
56,75,69,Green
56,75,69,Green
56,75,69,Green
55,75,69,Green
55,75,69,Green
55,75,69,Green
55,75,69,Green
56,72,67,Green
56,72,67,Green
56,72,67,Green
56,72,67,Green
56,73,63,Green
56,73,63,Green
56,73,63,Green
56,73,63,Green
57,70,72,Blue
57,70,72,Blue
57,70,72,Blue
57,70,72,Blue
55,71,73,Blue
55,71,73,Blue
55,71,73,Blue
55,71,73,Blue
54,74,71,Blue
54,74,71,Blue
54,74,71,Blue
54,74,71,Blue
54,74,67,Green
54,74,67,Green
54,74,67,Green
54,74,67,Green
56,76,68,Green
56,76,68,Green
56,76,68,Green
56,76,68,Green
57,72,69,Green
57,72,69,Green
57,72,69,Green
57,72,69,Green
54,76,67,Green
54,76,67,Green
54,76,67,Green
54,76,67,Green
56,72,70,Blue
56,72,70,Blue
56,72,70,Blue
56,72,70,Blue
57,73,70,Green
57,73,70,Green
57,73,70,Green
57,73,70,Green
55,71,72,Blue
55,71,72,Blue
55,71,72,Blue
55,71,72,Blue
56,71,71,Blue
56,71,71,Blue
56,71,71,Blue
56,71,71,Blue
57,75,71,Green
57,75,71,Green
57,75,71,Green
57,75,71,Green
53,72,67,Green
53,72,67,Green
53,72,67,Green
53,72,67,Green
54,70,68,Blue
54,70,68,Blue
54,70,68,Blue
54,70,68,Blue
55,75,68,Green
55,75,68,Green
55,75,68,Green
55,75,68,Green
54,72,60,Green
54,72,60,Green
54,72,60,Green
54,72,60,Green
56,73,66,Green
56,73,66,Green
56,73,66,Green
56,73,66,Green
55,75,70,Green
55,75,70,Green
55,75,70,Green
55,75,70,Green
56,73,66,Green
56,73,66,Green
56,73,66,Green
56,73,66,Green
55,71,72,Blue
55,71,72,Blue
55,71,72,Blue
55,71,72,Blue
56,76,66,Green
56,76,66,Green
56,76,66,Green
56,76,66,Green
58,74,71,Green
58,74,71,Green
58,74,71,Green
58,74,71,Green
55,71,69,Blue
55,71,69,Blue
55,71,69,Blue
55,71,69,Blue
53,72,70,Blue
53,72,70,Blue
53,72,70,Blue
53,72,70,Blue
56,72,70,Blue
56,72,70,Blue
56,72,70,Blue
56,72,70,Blue
56,72,71,Blue
56,72,71,Blue
56,72,71,Blue
56,72,71,Blue
55,72,68,Green
55,72,68,Green
55,72,68,Green
55,72,68,Green
55,74,68,Green
55,74,68,Green
55,74,68,Green
55,74,68,Green
57,74,69,Green
57,74,69,Green
55,71,67,Green
55,71,67,Green
55,71,67,Green
56,73,69,Green
56,73,69,Green
56,73,69,Green
56,73,69,Green
57,75,66,Green
57,75,66,Green
56,72,73,Blue
56,72,73,Blue
56,72,73,Blue
54,72,74,Blue
54,72,74,Blue
54,72,74,Blue
54,72,74,Blue
56,75,69,Green
56,75,69,Green
56,69,73,Blue
56,69,73,Blue
56,69,73,Blue
53,73,66,Green
53,73,66,Green
53,73,66,Green
53,73,66,Green
55,71,70,Blue
55,71,70,Blue
56,72,70,Blue
56,72,70,Blue
56,72,70,Blue
55,72,67,Green
55,72,67,Green
55,72,67,Green
55,72,67,Green
55,71,65,Green
55,71,65,Green
55,74,65,Green
55,74,65,Green
55,74,65,Green
53,72,68,Green
53,72,68,Green
53,72,68,Green
53,72,68,Green
54,72,66,Green
54,72,66,Green
56,74,70,Green
56,74,70,Green
56,74,70,Green
54,73,69,Green
54,73,69,Green
54,73,69,Green
54,73,69,Green
54,71,66,Green
54,71,66,Green
55,74,69,Green
55,74,69,Green
55,74,69,Green
55,72,65,Green
55,72,65,Green
55,72,65,Green
55,72,65,Green
67,53,62,Purple
67,53,62,Purple
65,57,54,Red
65,57,54,Red
65,57,54,Red
66,55,61,Purple
66,55,61,Purple
66,55,61,Purple
66,55,61,Purple
66,54,59,Purple
66,54,59,Purple
66,56,59,Purple
66,56,59,Purple
66,56,59,Purple
69,54,58,Purple
69,54,58,Purple
69,54,58,Purple
69,54,58,Purple
68,54,59,Purple
68,54,59,Purple
65,55,56,Purple
65,55,56,Purple
65,55,56,Purple
69,54,57,Purple
69,54,57,Purple
69,54,57,Purple
69,54,57,Purple
69,55,60,Purple
69,55,60,Purple
69,52,58,Purple
69,52,58,Purple
69,52,58,Purple
62,56,54,Red
62,56,54,Red
62,56,54,Red
62,56,54,Red
68,53,60,Purple
68,53,60,Purple
69,53,56,Purple
69,53,56,Purple
69,53,56,Purple
68,54,62,Purple
68,54,62,Purple
68,54,62,Purple
68,54,62,Purple
68,56,58,Purple
68,56,58,Purple
68,55,60,Purple
68,55,60,Purple
68,55,60,Purple
69,54,57,Purple
69,54,57,Purple
69,54,57,Purple
69,54,57,Purple
65,56,59,Purple
65,56,59,Purple
65,55,56,Purple
65,55,56,Purple
65,55,56,Purple
62,57,59,Purple
62,57,59,Purple
62,57,59,Purple
62,57,59,Purple
63,59,58,Red
63,59,58,Red
65,54,60,Purple
65,54,60,Purple
65,54,60,Purple
67,54,61,Purple
67,54,61,Purple
67,54,61,Purple
67,54,61,Purple
66,55,61,Purple
66,55,61,Purple
65,56,59,Purple
65,56,59,Purple
65,56,59,Purple
68,53,57,Purple
68,53,57,Purple
68,53,57,Purple
68,53,57,Purple
72,54,62,Purple
72,54,62,Purple
64,56,54,Red
64,56,54,Red
64,56,54,Red
68,53,57,Purple
68,53,57,Purple
68,53,57,Purple
68,53,57,Purple
66,54,57,Purple
66,54,57,Purple
67,56,60,Purple
67,56,60,Purple
67,56,60,Purple
67,55,59,Purple
67,55,59,Purple
67,55,59,Purple
67,55,59,Purple
68,53,58,Purple
68,53,58,Purple
66,55,58,Purple
66,55,58,Purple
66,55,58,Purple
69,53,54,Purple
69,53,54,Purple
69,53,54,Purple
69,53,54,Purple
66,55,59,Purple
66,55,59,Purple
66,54,58,Purple
66,54,58,Purple
66,54,58,Purple
69,54,59,Purple
69,54,59,Purple
66,54,58,Purple
66,54,58,Purple
66,54,58,Purple
66,54,58,Purple
65,57,58,Purple
65,57,58,Purple
65,57,58,Purple
68,54,62,Purple
68,54,62,Purple
66,54,57,Purple
66,54,57,Purple
66,54,57,Purple
66,54,57,Purple
66,54,58,Purple
66,54,58,Purple
66,54,58,Purple
65,55,55,Red
65,55,55,Red
68,53,56,Purple
68,53,56,Purple
68,53,56,Purple
68,53,56,Purple
66,55,59,Purple
66,55,59,Purple
66,55,59,Purple
66,53,62,Purple
66,53,62,Purple
65,54,58,Purple
65,54,58,Purple
65,54,58,Purple
65,54,58,Purple
67,53,57,Purple
67,53,57,Purple
67,53,57,Purple
69,55,58,Purple
69,55,58,Purple
67,53,59,Purple
67,53,59,Purple
67,53,59,Purple
67,53,59,Purple
62,56,57,Purple
62,56,57,Purple
62,56,57,Purple
66,55,60,Purple
66,55,60,Purple
66,55,61,Purple
66,55,61,Purple
66,55,61,Purple
66,55,61,Purple
69,52,60,Purple
69,52,60,Purple
69,52,60,Purple
68,55,63,Purple
68,55,63,Purple
68,55,63,Purple
68,55,63,Purple
68,55,63,Purple
69,54,59,Purple
69,54,59,Purple
69,54,59,Purple
69,54,59,Purple
67,58,61,Purple
67,58,61,Purple
67,58,61,Purple
67,54,62,Purple
67,54,62,Purple
68,53,58,Purple
68,53,58,Purple
68,53,58,Purple
68,53,58,Purple
69,54,60,Purple
69,54,60,Purple
69,54,60,Purple
68,54,59,Purple
68,54,59,Purple
65,55,55,Red
65,55,55,Red
65,55,55,Red
65,55,55,Red
62,56,57,Purple
62,56,57,Purple
62,56,57,Purple
66,54,58,Purple
66,54,58,Purple
65,54,56,Purple
65,54,56,Purple
65,54,56,Purple
65,54,56,Purple
69,53,64,Purple
69,53,64,Purple
69,53,64,Purple
68,53,59,Purple
68,53,59,Purple
68,57,55,Red
68,57,55,Red
68,57,55,Red
68,57,55,Red
70,57,59,Purple
70,57,59,Purple
70,57,59,Purple
64,56,57,Purple
64,56,57,Purple
63,56,55,Red
63,56,55,Red
63,56,55,Red
63,56,55,Red
73,55,63,Purple
73,55,63,Purple
73,55,63,Purple
79,59,66,Purple
79,59,66,Purple
84,55,65,Purple
84,55,65,Purple
84,55,65,Purple
84,55,65,Purple
77,56,64,Purple
77,56,64,Purple
77,56,64,Purple
82,54,65,Purple
82,54,65,Purple
79,57,64,Purple
79,57,64,Purple
79,57,64,Purple
79,57,64,Purple
79,58,65,Purple
79,58,65,Purple
79,58,65,Purple
78,56,67,Purple
78,56,67,Purple
79,58,60,Purple
79,58,60,Purple
79,58,60,Purple
79,58,60,Purple
78,59,66,Purple
78,59,66,Purple
78,59,66,Purple
78,58,66,Purple
78,58,66,Purple
83,55,72,Purple
83,55,72,Purple
83,55,72,Purple
83,55,72,Purple
79,58,64,Purple
79,58,64,Purple
79,58,64,Purple
78,58,65,Purple
78,58,65,Purple
71,61,66,Purple
71,61,66,Purple
71,61,66,Purple
71,61,66,Purple
77,60,62,Purple
77,60,62,Purple
77,60,62,Purple
76,58,64,Purple
76,58,64,Purple
78,56,64,Purple
78,56,64,Purple
78,56,64,Purple
78,56,64,Purple
79,56,66,Purple
79,56,66,Purple
79,56,66,Purple
80,56,64,Purple
80,56,64,Purple
84,55,67,Purple
84,55,67,Purple
84,55,67,Purple
84,55,67,Purple
82,55,62,Purple
82,55,62,Purple
82,55,62,Purple
79,58,64,Purple
79,58,64,Purple
80,56,63,Purple
80,56,63,Purple
80,56,63,Purple
80,56,63,Purple
79,57,69,Purple
79,57,69,Purple
79,57,69,Purple
78,57,65,Purple
78,57,65,Purple
77,58,68,Purple
77,58,68,Purple
77,58,68,Purple
77,58,68,Purple
84,55,65,Purple
84,55,65,Purple
84,55,65,Purple
84,55,65,Purple
82,57,60,Purple
82,57,60,Purple
82,57,60,Purple
82,57,60,Purple
78,59,63,Purple
78,59,63,Purple
78,59,63,Purple
78,59,63,Purple
83,54,68,Purple
83,54,68,Purple
83,54,68,Purple
83,54,68,Purple
78,60,64,Purple
78,60,64,Purple
78,60,64,Purple
78,60,64,Purple
78,56,58,Purple
78,56,58,Purple
78,56,58,Purple
78,56,58,Purple
82,57,62,Purple
82,57,62,Purple
82,57,62,Purple
82,57,62,Purple
77,59,67,Purple
77,59,67,Purple
77,59,67,Purple
77,59,67,Purple
81,56,63,Purple
81,56,63,Purple
81,56,63,Purple
81,56,63,Purple
79,54,66,Purple
79,54,66,Purple
79,54,66,Purple
79,54,66,Purple
82,55,71,Purple
82,55,71,Purple
82,55,71,Purple
82,55,71,Purple
77,56,63,Purple
77,56,63,Purple
77,56,63,Purple
77,56,63,Purple
76,60,65,Purple
76,60,65,Purple
76,60,65,Purple
76,60,65,Purple
85,55,67,Purple
85,55,67,Purple
85,55,67,Purple
85,55,67,Purple
76,60,58,Red
76,60,58,Red
76,60,58,Red
76,60,58,Red
78,58,65,Purple
78,58,65,Purple
78,58,65,Purple
78,58,65,Purple
76,60,61,Purple
76,60,61,Purple
76,60,61,Purple
76,60,61,Purple
77,58,57,Red
77,58,57,Red
77,58,57,Red
77,58,57,Red
80,55,67,Purple
80,55,67,Purple
80,55,67,Purple
80,55,67,Purple
77,59,63,Purple
77,59,63,Purple
77,59,63,Purple
77,59,63,Purple
77,58,63,Purple
77,58,63,Purple
77,58,63,Purple
77,58,63,Purple
77,54,59,Purple
77,54,59,Purple
77,54,59,Purple
77,54,59,Purple
71,57,64,Purple
71,57,64,Purple
71,57,64,Purple
71,57,64,Purple
79,57,60,Purple
79,57,60,Purple
79,57,60,Purple
79,57,60,Purple
77,59,63,Purple
77,59,63,Purple
77,59,63,Purple
77,59,63,Purple
79,58,60,Purple
79,58,60,Purple
79,58,60,Purple
79,58,60,Purple
81,56,61,Purple
81,56,61,Purple
81,56,61,Purple
81,56,61,Purple
81,58,67,Purple
81,58,67,Purple
81,58,67,Purple
81,58,67,Purple
77,55,62,Purple
82,54,59,Purple
82,54,59,Purple
82,54,59,Purple
82,54,59,Purple
74,62,66,Purple
74,62,66,Purple
74,62,66,Purple
74,62,66,Purple
76,56,62,Purple
76,56,62,Purple
76,56,62,Purple
76,56,62,Purple
79,55,64,Purple
79,55,64,Purple
79,55,64,Purple
79,55,64,Purple
74,58,61,Purple
74,58,61,Purple
74,58,61,Purple
74,58,61,Purple
78,57,64,Purple
78,57,64,Purple
78,57,66,Purple
78,57,66,Purple
78,57,66,Purple
79,58,60,Purple
79,58,60,Purple
79,58,60,Purple
79,58,60,Purple
77,57,66,Purple
77,57,66,Purple
77,57,66,Purple
77,57,66,Purple
77,57,64,Purple
77,57,64,Purple
77,57,64,Purple
77,57,64,Purple
77,56,65,Purple
77,56,65,Purple
77,56,65,Purple
77,56,65,Purple
77,56,69,Purple
77,56,69,Purple
77,56,69,Purple
77,56,69,Purple
79,56,62,Purple
79,56,62,Purple
79,56,62,Purple
79,56,62,Purple
80,57,64,Purple
80,57,64,Purple
80,57,64,Purple
80,57,64,Purple
78,56,68,Purple
78,56,68,Purple
78,56,68,Purple
78,56,68,Purple
82,55,64,Purple
82,55,64,Purple
82,55,64,Purple
82,55,64,Purple
79,58,64,Purple
79,58,64,Purple
79,58,64,Purple
79,58,64,Purple
79,57,59,Purple
79,57,59,Purple
79,57,59,Purple
79,57,59,Purple
77,55,65,Purple
77,55,65,Purple
77,55,65,Purple
77,55,65,Purple
82,55,69,Purple
82,55,69,Purple
82,55,69,Purple
82,55,69,Purple
79,57,64,Purple
79,57,64,Purple
79,57,64,Purple
79,57,64,Purple
78,57,64,Purple
78,57,64,Purple
78,57,64,Purple
78,57,64,Purple
78,56,61,Purple
78,56,61,Purple
78,56,61,Purple
78,56,61,Purple
80,57,56,Red
80,57,56,Red
80,57,56,Red
80,57,56,Red
76,59,65,Purple
76,59,65,Purple
76,59,65,Purple
76,59,65,Purple
81,55,63,Purple
81,55,63,Purple
81,55,63,Purple
81,55,63,Purple
79,57,62,Purple
79,57,62,Purple
79,57,62,Purple
79,57,62,Purple
79,58,56,Red
79,58,56,Red
79,58,56,Red
79,58,56,Red
74,54,69,Purple
74,54,69,Purple
74,54,69,Purple
74,54,69,Purple
67,53,59,Purple
67,53,59,Purple
67,53,59,Purple
67,53,59,Purple
66,53,61,Purple
66,53,61,Purple
66,53,61,Purple
66,53,61,Purple
65,56,54,Red
65,56,54,Red
65,56,54,Red
65,56,54,Red
74,52,65,Purple
74,52,65,Purple
74,52,65,Purple
74,52,65,Purple
66,54,54,Red
66,54,54,Red
66,54,54,Red
66,54,54,Red
67,54,60,Purple
67,54,60,Purple
67,54,60,Purple
67,54,60,Purple
69,54,63,Purple
69,54,63,Purple
69,54,63,Purple
69,54,63,Purple
69,54,60,Purple
69,54,60,Purple
69,54,60,Purple
69,54,60,Purple
68,55,57,Purple
68,55,57,Purple
68,55,57,Purple
68,55,57,Purple
67,54,56,Purple
67,54,56,Purple
67,54,56,Purple
67,54,56,Purple
63,55,58,Purple
63,55,58,Purple
63,55,58,Purple
63,55,58,Purple
69,54,56,Purple
69,54,56,Purple
69,54,56,Purple
69,54,56,Purple
67,54,58,Purple
67,54,58,Purple
67,54,58,Purple
67,54,58,Purple
68,55,57,Purple
68,55,57,Purple
68,55,57,Purple
68,55,57,Purple
69,54,64,Purple
69,54,64,Purple
69,54,64,Purple
69,54,64,Purple
68,53,60,Purple
68,53,60,Purple
68,53,60,Purple
68,53,60,Purple
65,55,56,Purple
65,55,56,Purple
65,55,56,Purple
65,55,56,Purple
65,54,58,Purple
65,54,58,Purple
65,54,58,Purple
65,54,58,Purple
65,56,58,Purple
65,56,58,Purple
65,56,58,Purple
65,56,58,Purple
68,54,56,Purple
68,54,56,Purple
68,54,56,Purple
68,54,56,Purple
65,54,58,Purple
65,54,58,Purple
65,54,58,Purple
65,54,58,Purple
65,55,56,Purple
65,55,56,Purple
65,55,56,Purple
65,55,56,Purple
65,55,55,Red
65,55,55,Red
65,55,55,Red
65,55,55,Red
69,55,55,Red
69,55,55,Red
69,55,55,Red
69,55,55,Red
68,54,54,Red
68,54,54,Red
68,54,54,Red
68,54,54,Red
65,54,59,Purple
65,54,59,Purple
65,54,59,Purple
65,54,59,Purple
69,54,59,Purple
69,54,59,Purple
69,54,59,Purple
69,54,59,Purple
64,54,60,Purple
64,54,60,Purple
64,54,60,Purple
64,54,60,Purple
67,55,59,Purple
67,55,59,Purple
67,55,59,Purple
67,55,59,Purple
67,54,56,Purple
67,54,56,Purple
67,54,56,Purple
67,54,56,Purple
82,52,62,Purple
82,52,62,Purple
82,52,62,Purple
82,52,62,Purple
79,54,61,Purple
79,54,61,Purple
79,54,61,Purple
79,54,61,Purple
73,56,60,Purple
73,56,60,Purple
73,56,60,Purple
73,56,60,Purple
75,55,57,Purple
75,55,57,Purple
75,55,57,Purple
75,55,57,Purple
75,55,59,Purple
75,55,59,Purple
75,55,59,Purple
75,55,59,Purple
74,57,58,Purple
74,57,58,Purple
74,57,58,Purple
74,57,58,Purple
74,54,58,Purple
74,54,58,Purple
74,54,58,Purple
74,54,58,Purple
71,54,59,Purple
71,54,59,Purple
71,54,59,Purple
71,54,59,Purple
75,55,62,Purple
75,55,62,Purple
75,55,62,Purple
75,55,62,Purple
78,54,64,Purple
78,54,64,Purple
78,54,64,Purple
78,54,64,Purple
74,53,58,Purple
74,53,58,Purple
74,53,58,Purple
74,53,58,Purple
76,55,61,Purple
76,55,61,Purple
76,55,61,Purple
76,55,61,Purple
74,57,58,Purple
74,57,58,Purple
74,57,58,Purple
74,57,58,Purple
80,55,63,Purple
80,55,63,Purple
80,55,63,Purple
80,55,63,Purple
82,56,64,Purple
82,56,64,Purple
82,56,64,Purple
82,56,64,Purple
79,54,61,Purple
79,54,61,Purple
79,54,61,Purple
79,54,61,Purple
77,54,59,Purple
77,54,59,Purple
77,54,59,Purple
77,54,59,Purple
79,54,61,Purple
79,54,61,Purple
79,54,61,Purple
79,54,61,Purple
79,56,59,Purple
79,56,59,Purple
79,56,59,Purple
79,56,59,Purple
76,55,56,Purple
76,55,56,Purple
76,55,56,Purple
76,55,56,Purple
76,54,58,Purple
76,54,58,Purple
76,54,58,Purple
76,54,58,Purple
80,56,62,Purple
80,56,62,Purple
80,56,62,Purple
80,56,62,Purple
81,54,61,Purple
81,54,61,Purple
81,54,61,Purple
81,54,61,Purple
77,55,60,Purple
77,55,60,Purple
77,55,60,Purple
77,55,60,Purple
81,56,61,Purple
81,56,61,Purple
81,56,61,Purple
81,56,61,Purple
80,54,56,Purple
80,54,56,Purple
80,54,56,Purple
80,54,56,Purple
77,55,59,Purple
77,55,59,Purple
77,55,59,Purple
77,55,59,Purple
76,55,63,Purple
76,55,63,Purple
76,55,63,Purple
76,55,63,Purple
76,57,61,Purple
76,57,61,Purple
76,57,61,Purple
76,57,61,Purple
78,53,56,Purple
78,53,56,Purple
78,53,56,Purple
78,53,56,Purple
75,54,61,Purple
75,54,61,Purple
75,54,61,Purple
75,54,61,Purple
75,57,63,Purple
75,57,63,Purple
75,57,63,Purple
75,57,63,Purple
75,54,64,Purple
75,54,64,Purple
75,54,64,Purple
75,54,64,Purple
83,55,62,Purple
53,52,55,Purple
53,52,55,Purple
53,52,55,Purple
54,54,55,Blue
54,54,55,Blue
54,54,55,Blue
54,54,55,Blue
52,52,54,Blue
52,52,54,Blue
52,52,54,Blue
52,52,54,Blue
53,53,58,Blue
53,53,58,Blue
53,53,58,Blue
53,53,58,Blue
53,53,54,Blue
53,53,54,Blue
53,53,54,Blue
53,53,54,Blue
54,54,57,Blue
54,54,57,Blue
54,54,57,Blue
54,54,57,Blue
53,53,54,Blue
53,53,54,Blue
53,53,54,Blue
53,53,54,Blue
53,53,54,Blue
53,53,54,Blue
53,53,54,Blue
53,53,54,Blue
55,53,54,Purple
55,53,54,Purple
55,53,54,Purple
55,53,54,Purple
54,53,57,Purple
54,53,57,Purple
54,53,57,Purple
54,53,57,Purple
53,53,55,Blue
53,53,55,Blue
53,53,55,Blue
53,53,55,Blue
53,53,55,Blue
53,53,55,Blue
53,53,55,Blue
53,53,55,Blue
51,54,53,Green
51,54,53,Green
51,54,53,Green
51,54,53,Green
53,53,54,Blue
53,53,54,Blue
53,53,54,Blue
53,53,54,Blue
53,53,57,Blue
53,53,57,Blue
53,53,57,Blue
53,53,57,Blue
54,54,56,Blue
54,54,56,Blue
54,54,56,Blue
54,54,56,Blue
53,53,55,Blue
53,53,55,Blue
53,53,55,Blue
53,53,55,Blue
55,54,56,Purple
55,54,56,Purple
55,54,56,Purple
55,54,56,Purple
53,53,56,Blue
53,53,56,Blue
53,53,56,Blue
53,53,56,Blue
56,55,59,Purple
56,55,59,Purple
56,55,59,Purple
56,55,59,Purple
56,54,55,Purple
56,54,55,Purple
56,54,55,Purple
56,54,55,Purple
55,54,59,Purple
55,54,59,Purple
55,54,59,Purple
55,54,59,Purple
54,53,57,Purple
54,53,57,Purple
54,53,57,Purple
54,53,57,Purple
53,52,57,Purple
53,52,57,Purple
53,52,57,Purple
53,52,57,Purple
53,52,56,Purple
53,52,56,Purple
53,52,56,Purple
53,52,56,Purple
53,53,55,Blue
53,53,55,Blue
53,53,55,Blue
53,53,55,Blue
52,54,54,Blue
52,54,54,Blue
52,54,54,Blue
52,54,54,Blue
53,53,55,Blue
53,53,55,Blue
53,53,55,Blue
53,53,55,Blue
54,54,57,Blue
54,54,57,Blue
54,54,57,Blue
54,54,57,Blue
54,56,55,Green
54,56,55,Green
54,56,55,Green
54,56,55,Green
54,54,56,Blue
54,54,56,Blue
54,54,56,Blue
54,54,56,Blue
53,53,55,Blue
53,53,55,Blue
53,53,55,Blue
53,53,55,Blue
54,54,56,Blue
54,54,56,Blue
54,54,56,Blue
54,54,56,Blue
53,53,59,Blue
53,53,59,Blue
53,53,59,Blue
53,53,59,Blue
54,54,55,Blue
54,54,55,Blue
54,54,55,Blue
54,54,55,Blue
53,52,58,Purple
53,52,58,Purple
53,52,58,Purple
53,52,58,Purple
53,52,56,Purple
53,52,56,Purple
53,52,56,Purple
53,52,56,Purple
52,53,58,Blue
52,53,58,Blue
52,53,58,Blue
52,53,58,Blue
53,53,53,Red
53,53,53,Red
53,53,53,Red
53,53,53,Red
53,52,57,Purple
53,52,57,Purple
53,52,57,Purple
53,52,57,Purple
53,53,54,Blue
53,53,54,Blue
53,53,54,Blue
53,53,54,Blue
53,53,55,Blue
53,53,55,Blue
53,53,55,Blue
53,53,55,Blue
53,53,55,Blue
53,53,55,Blue
53,53,55,Blue
53,53,55,Blue
52,53,53,Blue
52,53,53,Blue
52,53,53,Blue
52,53,53,Blue
51,52,54,Blue
51,52,54,Blue
51,52,54,Blue
51,52,54,Blue
53,53,56,Blue
53,53,56,Blue
53,53,56,Blue
53,53,56,Blue
53,55,54,Green
53,55,54,Green
53,55,54,Green
53,55,54,Green
53,53,53,Red
53,53,53,Red
53,53,53,Red
53,53,53,Red
53,54,55,Blue
53,54,55,Blue
53,54,55,Blue
53,54,55,Blue
52,53,53,Blue
52,53,53,Blue
52,53,53,Blue
52,53,53,Blue
53,54,54,Blue
54,55,54,Green
54,55,54,Green
54,55,54,Green
55,55,56,Blue
55,55,56,Blue
55,55,56,Blue
55,55,56,Blue
56,56,56,Red
56,56,56,Red
56,56,56,Red
56,56,56,Red
53,54,58,Blue
53,54,58,Blue
53,54,58,Blue
53,54,58,Blue
54,54,52,Yellow
54,54,52,Yellow
54,54,52,Yellow
54,54,52,Yellow
54,53,57,Purple
54,53,57,Purple
54,53,57,Purple
54,53,57,Purple
54,54,55,Blue
54,54,55,Blue
54,54,55,Blue
54,54,55,Blue
53,53,54,Blue
53,53,54,Blue
53,53,54,Blue
53,53,54,Blue
52,54,58,Blue
52,54,58,Blue
52,54,58,Blue
52,54,58,Blue
52,53,54,Blue
52,53,54,Blue
52,53,54,Blue
52,53,54,Blue
54,53,59,Purple
54,53,59,Purple
54,53,59,Purple
54,53,59,Purple
54,54,56,Blue
54,54,56,Blue
54,54,56,Blue
54,54,56,Blue
53,55,56,Blue
53,55,56,Blue
53,55,56,Blue
53,55,56,Blue
55,55,57,Blue
55,55,57,Blue
55,55,57,Blue
55,55,57,Blue
52,54,56,Blue
52,54,56,Blue
52,54,56,Blue
52,54,56,Blue
53,56,55,Green
53,56,55,Green
53,56,55,Green
53,56,55,Green
52,53,55,Blue
52,53,55,Blue
52,53,55,Blue
52,53,55,Blue
54,54,57,Blue
54,54,57,Blue
54,54,57,Blue
54,54,57,Blue
52,54,57,Blue
52,54,57,Blue
52,54,57,Blue
52,54,57,Blue
53,53,55,Blue
53,53,55,Blue
53,53,55,Blue
53,53,55,Blue
54,56,55,Green
54,56,55,Green
54,56,55,Green
54,56,55,Green
53,52,55,Purple
53,52,55,Purple
53,52,55,Purple
53,52,55,Purple
53,53,55,Blue
53,53,55,Blue
53,53,55,Blue
53,53,55,Blue
52,52,54,Blue
52,52,54,Blue
52,52,54,Blue
52,52,54,Blue
53,53,54,Blue
53,53,54,Blue
53,53,54,Blue
53,53,54,Blue
54,54,56,Blue
54,54,56,Blue
54,54,56,Blue
54,54,56,Blue
56,54,58,Purple
56,54,58,Purple
56,54,58,Purple
56,54,58,Purple
55,54,61,Blue
55,54,61,Blue
55,54,61,Blue
55,54,61,Blue
55,57,58,Blue
55,57,58,Blue
55,57,58,Blue
55,57,58,Blue
54,56,59,Blue
54,56,59,Blue
54,56,59,Blue
54,56,59,Blue
54,53,57,Purple
54,53,57,Purple
54,53,57,Purple
54,53,57,Purple
52,52,53,Blue
52,52,53,Blue
52,52,53,Blue
52,52,53,Blue
53,53,55,Blue
53,53,55,Blue
53,53,55,Blue
53,53,55,Blue
52,55,52,Green
52,55,52,Green
52,55,52,Green
52,55,52,Green
55,55,56,Blue
55,55,56,Blue
55,55,56,Blue
55,55,56,Blue
59,59,58,Yellow
59,59,58,Yellow
